feature	jsd
MIMAT0000072	0.6586480460067267
MIMAT0004929	0.6322621880610162
MIMAT0000070	0.5632778715819774
MIMAT0000758	0.561230614776775
MIMAT0002876	0.546456147387029
MIMAT0004977	0.5434723541720039
MIMAT0004784	0.5411294584704675
MIMAT0004672	0.519748404044498
MIMAT0002891	0.5173651821680295
MIMAT0019850	0.5145429778178203
MIMAT0003242	0.5130529988295986
MIMAT0003150	0.4986331086017545
MIMAT0004985	0.4933902721872692
MIMAT0000073	0.486213033027279
MIMAT0004776	0.4752342387689709
MIMAT0004680	0.46112878863841655
MIMAT0000680	0.4588516453018296
MIMAT0000731	0.45592633922895587
MIMAT0000092	0.4535633445577541
MIMAT0005951	0.4499677318521074
MIMAT0000093	0.4478899062658404
MIMAT0003258	0.4456944020408487
MIMAT0000691	0.44067587761057486
MIMAT0000075	0.4271245202074742
MIMAT0000227	0.4254450745537303
MIMAT0004697	0.42515018314140357
MIMAT0003249	0.41998380287145953
MIMAT0022487	0.4177119634669067
MIMAT0002872	0.4085392046632644
MIMAT0000071	0.4075529399685916
MIMAT0004774	0.39780554927727413
MIMAT0015085	0.3949676233610189
MIMAT0022483	0.3872400050607902
MIMAT0004698	0.38527206091784993
MIMAT0002871	0.3848048564726784
MIMAT0000732	0.384214618561125
MIMAT0005797	0.38393730579245466
MIMAT0001635	0.3839218812468745
MIMAT0002888	0.38312691769733237
MIMAT0004949	0.38003702659248795
MIMAT0022726	0.3742196690678717
MIMAT0004780	0.3730506218476452
MIMAT0004586	0.3719596208669682
MIMAT0004550	0.3714040105161229
MIMAT0003241	0.37062475988061466
MIMAT0004611	0.3697124476398433
MIMAT0019761	0.36754041545197874
MIMAT0004515	0.36562387105372723
MIMAT0004801	0.3647833504322941
MIMAT0000087	0.3643691719367083
MIMAT0018110	0.3622352983472111
MIMAT0000456	0.3616445437274363
MIMAT0004493	0.3531343352976168
MIMAT0000281	0.3528888652933711
MIMAT0016925	0.35169294589597205
MIMAT0018965	0.3502809851587588
MIMAT0028227	0.349110559822611
MIMAT0019880	0.34885523471767615
MIMAT0000279	0.3478351705655729
MIMAT0004773	0.3441159283665114
MIMAT0004491	0.344044860428135
MIMAT0001636	0.34398780717847166
MIMAT0000728	0.3439243756531531
MIMAT0000088	0.33522833343535097
MIMAT0006789	0.3342488187637633
MIMAT0005950	0.3331231264956797
MIMAT0000772	0.3322445944139659
MIMAT0004958	0.33201258314911414
MIMAT0000254	0.3247904040639341
MIMAT0000457	0.3247718728110605
MIMAT0004509	0.32443864188845234
MIMAT0004484	0.3233036298907475
MIMAT0000253	0.31503515776236596
MIMAT0005452	0.30874702590856257
MIMAT0001541	0.30807086904118575
MIMAT0004613	0.3076050852826714
MIMAT0003880	0.3028510521457764
MIMAT0004980	0.2990375140247898
MIMAT0000081	0.29774303888571446
MIMAT0000080	0.2970266820181573
MIMAT0004775	0.29517192061697534
MIMAT0000065	0.2928793919975579
MIMAT0004673	0.2910583320438253
MIMAT0000762	0.2895457472187089
MIMAT0004694	0.2886470107202433
MIMAT0018101	0.2878386025066022
MIMAT0000267	0.28473787885151775
MIMAT0004569	0.2844964795252842
MIMAT0000449	0.28427637817806617
MIMAT0003256	0.2832166314228041
MIMAT0000074	0.2821613462209326
MIMAT0003338	0.2808383368336222
MIMAT0000705	0.2807600821174282
MIMAT0000099	0.2805667288936088
MIMAT0019957	0.28019245687982397
MIMAT0000442	0.27924980304965613
MIMAT0000441	0.27911922940509276
MIMAT0019918	0.2780744040150672
MIMAT0022727	0.27569248775643257
MIMAT0003888	0.2750447468541609
MIMAT0015045	0.27386286044473057
MIMAT0000096	0.27355380437794885
MIMAT0000688	0.2688957914398657
MIMAT0022696	0.2681527093421698
MIMAT0004503	0.26751823449636863
MIMAT0000693	0.26480027624191044
MIMAT0004549	0.26353749051548764
MIMAT0016847	0.2630658779061509
MIMAT0004945	0.2628559448362518
MIMAT0000750	0.26112214347448065
MIMAT0019849	0.26093204093024047
MIMAT0004584	0.260768958806578
MIMAT0000424	0.2603124695510882
MIMAT0004703	0.2577936391351072
MIMAT0004797	0.2565203652169706
MIMAT0028122	0.2550063677997803
MIMAT0000091	0.2549924580166609
MIMAT0004518	0.2541546023501306
MIMAT0004556	0.2538897572223138
MIMAT0004658	0.25245139075647766
MIMAT0000262	0.25175055249097733
MIMAT0000692	0.25125534294362756
MIMAT0000103	0.2508662563305678
MIMAT0004800	0.2502011432076472
MIMAT0000098	0.2494214184150191
MIMAT0000455	0.24879967840666217
MIMAT0009198	0.24826073474360907
MIMAT0026616	0.2477549981310592
MIMAT0004946	0.24763030937439778
MIMAT0019208	0.24748224662573884
MIMAT0011159	0.24728166361629964
MIMAT0000078	0.24714642384651375
MIMAT0000681	0.24693445261407054
MIMAT0003339	0.2469074963919381
MIMAT0000733	0.24638408867257736
MIMAT0003254	0.2461871585069847
MIMAT0022842	0.2444831246100608
MIMAT0004921	0.24349564541093374
MIMAT0027467	0.24346530610019881
MIMAT0000415	0.243352174615503
MIMAT0025848	0.24306528514468032
MIMAT0000064	0.24267608535315655
MIMAT0003284	0.2409019135646723
MIMAT0002809	0.24004760269337685
MIMAT0000102	0.2392692905343112
MIMAT0019900	0.23917331966880717
MIMAT0000450	0.23829719291085505
MIMAT0000761	0.23828946648355775
MIMAT0018205	0.2378893338442528
MIMAT0005796	0.23774182723927773
MIMAT0000737	0.23753928386131729
MIMAT0000244	0.2367715234535679
MIMAT0022975	0.23637680992708707
MIMAT0004504	0.23592341913778947
MIMAT0000757	0.23569198373923853
MIMAT0003323	0.23553544183065903
MIMAT0004513	0.23448274278827808
MIMAT0000278	0.23295491965366957
MIMAT0000432	0.2324020816720941
MIMAT0004678	0.23218041544463186
MIMAT0000759	0.23187650511915403
MIMAT0002814	0.23102336333132079
MIMAT0004585	0.23040878631483952
MIMAT0004770	0.2299801120061068
MIMAT0004766	0.22910953587814553
MIMAT0004982	0.22747415106993865
MIMAT0003885	0.2270146470782635
MIMAT0011161	0.22608942823009018
MIMAT0005933	0.22563590078728887
MIMAT0027032	0.22551460840763016
MIMAT0004799	0.22531579554043424
MIMAT0000069	0.22496816924626714
MIMAT0000430	0.22476625161751365
MIMAT0001340	0.22433598258123488
MIMAT0000753	0.22356695809979146
MIMAT0018194	0.2233850383920093
MIMAT0025477	0.2230536267303247
MIMAT0000085	0.21941929083443645
MIMAT0000446	0.2190206170267793
MIMAT0016888	0.21898788199001804
MIMAT0000257	0.2188968874450432
MIMAT0019221	0.2188016718125411
MIMAT0030021	0.21813696511549574
MIMAT0000752	0.21763488091299568
MIMAT0019814	0.2164597104676408
MIMAT0019739	0.21466498975970785
MIMAT0004507	0.21328840621438547
MIMAT0004609	0.21323836392639403
MIMAT0017950	0.21323514300175464
MIMAT0000646	0.21023265214509468
MIMAT0022720	0.21011748692919116
MIMAT0000258	0.20960058979613094
MIMAT0000231	0.20946508668089023
MIMAT0003214	0.20721454247021898
MIMAT0004497	0.2070023241022286
MIMAT0019037	0.20585511151113645
MIMAT0021030	0.20555532228702703
MIMAT0017352	0.20461804452176882
MIMAT0000755	0.20412242940958533
MIMAT0000454	0.20385947610642585
MIMAT0000686	0.20362772275013138
MIMAT0000264	0.20312045762829956
MIMAT0005920	0.20259852171831438
MIMAT0014987	0.20205508642452663
MIMAT0003887	0.20179090066058583
MIMAT0000434	0.20178952024808297
MIMAT0003884	0.2014228058527049
MIMAT0005577	0.20126629599288937
MIMAT0005924	0.2010484788386118
MIMAT0002873	0.20069578300967864
MIMAT0004494	0.19966180322810845
MIMAT0004514	0.19954541554107275
MIMAT0003301	0.19950229451884413
MIMAT0004502	0.19947357702609306
MIMAT0000425	0.19893814138327207
MIMAT0000243	0.19753942194223384
MIMAT0003257	0.19729726814218
MIMAT0003886	0.19710846409725769
MIMAT0000617	0.19579344016159872
MIMAT0001536	0.19562925879241547
MIMAT0005794	0.19558359680382434
MIMAT0002821	0.19553659814313432
MIMAT0003296	0.19493912293805868
MIMAT0026483	0.19462142304648625
MIMAT0003321	0.19460466061038814
MIMAT0004693	0.19427652534282935
MIMAT0019738	0.19400289030296247
MIMAT0004683	0.19351618530154044
MIMAT0019729	0.1930925570835176
MIMAT0004495	0.1929104829439924
MIMAT0026475	0.1920261978317724
MIMAT0004551	0.1920221751975919
MIMAT0002881	0.19198635139181433
MIMAT0004559	0.19162732077478514
MIMAT0004805	0.19112726372628408
MIMAT0000094	0.1911054391171899
MIMAT0004950	0.19109675957451963
MIMAT0004558	0.1905531103993646
MIMAT0018349	0.1893158081949384
MIMAT0018073	0.1887631028144744
MIMAT0000428	0.1886736873752781
MIMAT0003247	0.187038651426101
MIMAT0004682	0.18686603752790443
MIMAT0000089	0.18611928357631438
MIMAT0022491	0.1856778921663406
MIMAT0002820	0.18561262053348962
MIMAT0002875	0.18561243767199567
MIMAT0018086	0.1851656555501815
MIMAT0003298	0.18503888749088807
MIMAT0000417	0.18499697705735219
MIMAT0001343	0.18495710308084135
MIMAT0004603	0.18455082465031492
MIMAT0000431	0.18397712314756423
MIMAT0022929	0.1830332833148274
MIMAT0022492	0.18286402328513565
MIMAT0015003	0.18185495621822134
MIMAT0019939	0.18154244456277377
MIMAT0003879	0.18147278329651703
MIMAT0000097	0.18116203546825974
MIMAT0000084	0.18107648874082746
MIMAT0027541	0.18020954721393054
MIMAT0004810	0.17975717727172288
MIMAT0004957	0.17930997048651695
MIMAT0001412	0.17883989096762268
MIMAT0018115	0.17814687563248244
MIMAT0004615	0.17806417708205893
MIMAT0002813	0.17800701016414058
MIMAT0019737	0.17787722865098665
MIMAT0004688	0.1778276255449118
MIMAT0005878	0.17782337430986553
MIMAT0004589	0.17762762244177296
MIMAT0004983	0.17757361266877933
MIMAT0000433	0.1774604464078305
MIMAT0023712	0.17691771368297593
MIMAT0019746	0.17501196790136408
MIMAT0000222	0.17500480430873547
MIMAT0017990	0.17489296370346255
MIMAT0004757	0.17453206732258508
MIMAT0000077	0.17449450738156033
MIMAT0006764	0.17443040086684244
MIMAT0004674	0.17430721336651359
MIMAT0005825	0.17370099458470226
MIMAT0005923	0.17362066100037646
MIMAT0019927	0.17319871741582907
MIMAT0004485	0.1729137665634445
MIMAT0000280	0.17278721742250927
MIMAT0000760	0.17248910632249795
MIMAT0027357	0.1721267437954588
MIMAT0018197	0.17172775311272423
MIMAT0002176	0.17127624268732755
MIMAT0000245	0.17103199594201426
MIMAT0004819	0.1704114762305483
MIMAT0002808	0.16955456997835308
MIMAT0004785	0.16938933159567268
MIMAT0009196	0.16874896103546497
MIMAT0016895	0.16847974266703414
MIMAT0003283	0.1683500622794767
MIMAT0027497	0.16822690714272037
MIMAT0001413	0.1681881191183908
MIMAT0004947	0.1680588882180568
MIMAT0004489	0.16804449687454684
MIMAT0025450	0.1676406500515026
MIMAT0019776	0.16703113639699776
MIMAT0004571	0.16632886467474897
MIMAT0017987	0.16621543119776896
MIMAT0026734	0.16518225811581655
MIMAT0027608	0.16494379125143208
MIMAT0004481	0.16488486159564766
MIMAT0002868	0.1645794569224676
MIMAT0004599	0.16448827856813372
MIMAT0000265	0.16444458307666712
MIMAT0000447	0.1639109788841066
MIMAT0003327	0.16359929382057264
MIMAT0001625	0.1635048211558298
MIMAT0002869	0.16341535897432322
MIMAT0004570	0.16314761896228633
MIMAT0003882	0.16310640697482529
MIMAT0011158	0.16256307261022482
MIMAT0025474	0.1620192846313138
MIMAT0000689	0.1615768539969852
MIMAT0004496	0.16153481255611044
MIMAT0004512	0.16151252912503894
MIMAT0000063	0.1610460929333867
MIMAT0018107	0.1610047318586128
MIMAT0015069	0.16014981460952263
MIMAT0000721	0.1601015473301909
MIMAT0003260	0.15925806487253935
MIMAT0019873	0.15818519366404502
MIMAT0014995	0.15798510452741982
MIMAT0010133	0.1576682120530115
MIMAT0001618	0.1570682464257656
MIMAT0001639	0.1567099837400846
MIMAT0004951	0.15655821420623325
MIMAT0004811	0.15643119066800384
MIMAT0000722	0.15610728720209807
MIMAT0000727	0.1554234927247208
MIMAT0003239	0.15497104558878116
MIMAT0002810	0.15492495746692955
MIMAT0005905	0.15469239469714482
MIMAT0000453	0.15436795444708049
MIMAT0000252	0.15335968851294188
MIMAT0000274	0.15308132756557405
MIMAT0030017	0.1525381885977489
MIMAT0000086	0.15245803416960066
MIMAT0027577	0.1518728648856008
MIMAT0022710	0.15170793144216843
MIMAT0000242	0.15123881203707304
MIMAT0026738	0.15114228677286146
MIMAT0003329	0.15112932211229776
MIMAT0027587	0.1510917135921511
MIMAT0003306	0.15058757787519403
MIMAT0018961	0.1505509065260276
MIMAT0022692	0.14974041354508832
MIMAT0004699	0.14973634203329098
MIMAT0018962	0.14935946194155134
MIMAT0004700	0.14854046557428593
MIMAT0019201	0.14820882077187697
MIMAT0018102	0.14807924074070675
MIMAT0002819	0.14802577002549563
MIMAT0000269	0.1479498821751198
MIMAT0000461	0.14759871961443646
MIMAT0000261	0.14758932753558837
MIMAT0004567	0.1473363626660782
MIMAT0004487	0.1472211020149522
MIMAT0021017	0.14695688619396263
MIMAT0004956	0.14594211558945033
MIMAT0018068	0.14542187329402487
MIMAT0004702	0.14540940754199314
MIMAT0027565	0.1453458603107153
MIMAT0026557	0.14531917099533567
MIMAT0028222	0.1451045802834412
MIMAT0004602	0.1446071582660934
MIMAT0019696	0.14448252163796768
MIMAT0022292	0.144307920560817
MIMAT0000736	0.1442388277157585
MIMAT0017982	0.14419885500467697
MIMAT0027650	0.14400805194671298
MIMAT0017994	0.14364022662766088
MIMAT0019229	0.14355794472387204
MIMAT0004555	0.14304920686945047
MIMAT0003245	0.1427151825674796
MIMAT0004560	0.14221013511791122
MIMAT0004597	0.1419000477649148
MIMAT0004506	0.14122677886132645
MIMAT0021026	0.14114406620136233
MIMAT0001629	0.14114005134452556
MIMAT0010251	0.14111862967213784
MIMAT0018004	0.14089366445276744
MIMAT0000318	0.14080156434184563
MIMAT0005793	0.14075914367483322
MIMAT0002817	0.14002757037837635
MIMAT0000414	0.13992792201340412
MIMAT0000754	0.13989796307883914
MIMAT0019841	0.139417450964254
MIMAT0027517	0.13880699598659763
MIMAT0026477	0.1385965281773668
MIMAT0005792	0.13836876542088575
MIMAT0000703	0.13827885784427138
MIMAT0004505	0.13820890700759397
MIMAT0005919	0.1380211893509327
MIMAT0019760	0.1374000256835482
MIMAT0019731	0.13715556315790614
MIMAT0005875	0.13711444154646044
MIMAT0004809	0.1369684904572582
MIMAT0018083	0.13672469009758537
MIMAT0000076	0.13631215098657096
MIMAT0019823	0.1359518391218737
MIMAT0025451	0.13502536603032503
MIMAT0027589	0.13477778212826194
MIMAT0009451	0.13447723431207134
MIMAT0000062	0.1331715379255889
MIMAT0027486	0.13308296439645995
MIMAT0002174	0.1330560603370154
MIMAT0026720	0.13231336210360015
MIMAT0002171	0.1320819817353702
MIMAT0019954	0.13137714377630513
MIMAT0005903	0.13109796191442066
MIMAT0019822	0.13080888422839368
MIMAT0017992	0.13066354149721873
MIMAT0000082	0.1306193874407821
MIMAT0003309	0.1303557010600049
MIMAT0018356	0.13021857826858593
MIMAT0004978	0.13008791392761984
MIMAT0001080	0.12960462001071293
MIMAT0021044	0.12951336869164407
MIMAT0000419	0.1294820361504805
MIMAT0005930	0.1291220058493467
MIMAT0027604	0.1290860892742607
MIMAT0005584	0.12905618460775461
MIMAT0022708	0.12895777016470478
MIMAT0002818	0.12830612064340827
MIMAT0019219	0.12809288809471722
MIMAT0003235	0.12806142664868003
MIMAT0004588	0.12795516177867441
MIMAT0005892	0.12761887866983582
MIMAT0004657	0.12761214046515937
MIMAT0010195	0.12751162152712567
MIMAT0003161	0.12743001362910525
MIMAT0004808	0.12742921863495393
MIMAT0000068	0.12699417633984744
MIMAT0030020	0.12696346827754612
MIMAT0018204	0.12678657893989578
MIMAT0000255	0.12650182710975563
MIMAT0004593	0.12622478973957138
MIMAT0003266	0.12619231912768977
MIMAT0018360	0.1261915022738971
MIMAT0018191	0.12590478305525402
MIMAT0000420	0.12583945544084676
MIMAT0007889	0.12534507882373383
MIMAT0001627	0.12522911083377833
MIMAT0004768	0.12443172031462675
MIMAT0005895	0.12366622355722716
MIMAT0003294	0.12365878616508681
MIMAT0019807	0.12358360373797606
MIMAT0004486	0.12345587381283311
MIMAT0018071	0.123369997356144
MIMAT0022488	0.12336815300115406
MIMAT0021020	0.12290450197917246
MIMAT0004552	0.12288326849694446
MIMAT0004562	0.12282699404483287
MIMAT0019973	0.12280795601544452
MIMAT0005901	0.1226458679909976
MIMAT0026472	0.12260834046506082
MIMAT0022698	0.12244157304530827
MIMAT0005900	0.12202836936388667
MIMAT0019756	0.12160195484785911
MIMAT0019220	0.12134698754756802
MIMAT0004614	0.12123633418772506
MIMAT0000458	0.12110960520643692
MIMAT0004608	0.12109829961116121
MIMAT0000510	0.12044297772531591
MIMAT0000270	0.12030871007266446
MIMAT0027368	0.12017910706384209
MIMAT0015078	0.1201623520869498
MIMAT0025458	0.1201000267114174
MIMAT0000263	0.11993653957919653
MIMAT0022833	0.1196504670834973
MIMAT0018201	0.11949929349683795
MIMAT0014990	0.11887237400972096
MIMAT0004511	0.11886347932222668
MIMAT0019058	0.11885445412170391
MIMAT0009203	0.11836081628909606
MIMAT0015084	0.11821420583983772
MIMAT0022925	0.11816878358321031
MIMAT0004814	0.11797507249707817
MIMAT0019812	0.11779979865787192
MIMAT0015050	0.11760893872285672
MIMAT0022502	0.11753791408950308
MIMAT0019757	0.11688935745881701
MIMAT0003312	0.11667876205948718
MIMAT0000423	0.11661473814379127
MIMAT0004793	0.1160432967221477
MIMAT0000751	0.11572077544279374
MIMAT0000756	0.11571463327445063
MIMAT0005948	0.1156323506564717
MIMAT0015066	0.11553283063166496
MIMAT0027529	0.1149783011110621
MIMAT0004561	0.11468661347909681
MIMAT0004955	0.11453279388616765
MIMAT0003331	0.11448922232681437
MIMAT0004928	0.1142477659702275
MIMAT0000440	0.11409134631252645
MIMAT0004987	0.11372842381188165
MIMAT0003393	0.11335166927264367
MIMAT0019233	0.11327581630144418
MIMAT0022721	0.11322676521579374
MIMAT0002175	0.11321442065375022
MIMAT0000764	0.11263614309367204
MIMAT0003322	0.11254709611813525
MIMAT0004954	0.11215304374482155
MIMAT0004692	0.111802490398253
MIMAT0004902	0.11130670684045779
MIMAT0000416	0.1111352120747481
MIMAT0000439	0.1110517991281806
MIMAT0003945	0.11089834283996214
MIMAT0000090	0.11080819067186365
MIMAT0018968	0.11047375563933727
MIMAT0019000	0.1102483402868098
MIMAT0015020	0.11023499956837163
MIMAT0019209	0.11022390898519091
MIMAT0021117	0.10977427397808348
MIMAT0025841	0.10965325863854515
MIMAT0022834	0.10931586646943699
MIMAT0000276	0.10921616515380482
MIMAT0025849	0.10918672522618804
MIMAT0000459	0.10823348134245814
MIMAT0004911	0.10784403166473011
MIMAT0021021	0.10783692848836214
MIMAT0004498	0.10643328672510044
MIMAT0026480	0.10619603221144769
MIMAT0018993	0.10608485539966932
MIMAT0000104	0.10588693025890294
MIMAT0003180	0.10558665954447292
MIMAT0025851	0.10558088801456668
MIMAT0019214	0.10554733500558915
MIMAT0000462	0.10531688953096065
MIMAT0004612	0.10465756084471324
MIMAT0022276	0.10463275627612291
MIMAT0005943	0.1045484445679708
MIMAT0027531	0.10436901599977359
MIMAT0027454	0.10424900080526438
MIMAT0000275	0.10419383780088447
MIMAT0015073	0.10397024056520467
MIMAT0011775	0.10386186411159853
MIMAT0004752	0.10381567223785378
MIMAT0000429	0.10361769644209029
MIMAT0005799	0.10315024111407188
MIMAT0004607	0.10230703300124473
MIMAT0000682	0.10181413178800801
MIMAT0019963	0.10148403657750231
MIMAT0017993	0.10135224853386345
MIMAT0018183	0.10117400944698353
MIMAT0001621	0.10115797535730338
MIMAT0019926	0.10072916439199592
MIMAT0000418	0.10062137623363154
MIMAT0004482	0.10040334674580699
MIMAT0009199	0.1000458563453837
MIMAT0027428	0.09973247671021414
MIMAT0000272	0.0993739613738941
MIMAT0000720	0.09935806406555242
MIMAT0000443	0.09932848753273847
MIMAT0027495	0.09926949819945334
MIMAT0020925	0.0990904242645511
MIMAT0031177	0.09874950063933097
MIMAT0026639	0.09831181336131596
MIMAT0026612	0.0975420364294851
MIMAT0004761	0.09742344713666275
MIMAT0000710	0.09725414982509152
MIMAT0004765	0.0970367505724772
MIMAT0025484	0.09675354411880827
MIMAT0004792	0.09638162457864598
MIMAT0004565	0.09622592194372202
MIMAT0004510	0.09618887157105717
MIMAT0005580	0.09616566225519514
MIMAT0005458	0.09608092744882966
MIMAT0015009	0.09602482821290066
MIMAT0027649	0.09582119535607038
MIMAT0026625	0.0953042208339197
MIMAT0004501	0.0952952114640276
MIMAT0005909	0.09509658662333952
MIMAT0019904	0.0946049535896782
MIMAT0003326	0.0943619432299332
MIMAT0000729	0.09407440480797197
MIMAT0010214	0.09372101145734142
MIMAT0002827	0.09317338045550998
MIMAT0000266	0.09306208250262578
MIMAT0004677	0.0927713190595929
MIMAT0004748	0.09244524691861782
MIMAT0004606	0.09240176852414746
MIMAT0018358	0.09155744047493986
MIMAT0004689	0.09129525369316666
MIMAT0000256	0.09117359095794243
MIMAT0002862	0.09082512524397923
MIMAT0021018	0.09010469723919863
MIMAT0011777	0.08973442147485484
MIMAT0019955	0.0894478252803103
MIMAT0022711	0.08896403946210059
MIMAT0027622	0.08883291416474444
MIMAT0027682	0.08855442434555626
MIMAT0027410	0.08841544776101017
