feature1	feature2	rho
MIMAT0000072	TENC1	-0.5242
MIMAT0000073	TENC1	-0.4412
MIMAT0004776	SEMA3B	-0.4381
MIMAT0000072	SEMA3B	-0.4226
MIMAT0000456	TENC1	-0.4187
MIMAT0019880	TENC1	-0.4119
MIMAT0004776	TENC1	-0.4115
MIMAT0004776	TPRN	-0.3937
MIMAT0002174	NRXN2	-0.393
MIMAT0003885	PCSK5	-0.3886
MIMAT0000072	SORL1	-0.3876
MIMAT0004776	KCNK15	-0.3842
MIMAT0000072	TPRN	-0.3822
MIMAT0000456	SEMA3B	-0.3817
MIMAT0000072	KCNK15	-0.3808
MIMAT0000073	RUNX1T1	-0.3738
MIMAT0003885	NAALADL1	-0.3638
MIMAT0000456	TPRN	-0.3634
MIMAT0000456	KCNK15	-0.3625
MIMAT0000069	RUNX1T1	-0.3615
MIMAT0030021	TENC1	-0.3602
MIMAT0004945	NAALADL1	-0.359
MIMAT0000095	BICC1	-0.3533
MIMAT0003885	RUNX1T1	-0.3529
MIMAT0004776	TJP3	-0.3515
MIMAT0003885	TENC1	-0.3507
MIMAT0000455	TENC1	-0.3503
MIMAT0004678	TENC1	-0.349
MIMAT0000095	NAALADL1	-0.3457
MIMAT0004678	C10orf107	-0.3444
MIMAT0000073	SEMA3B	-0.3436
MIMAT0000073	KCNK15	-0.343
MIMAT0000760	NRXN2	-0.3417
MIMAT0000069	PCSK5	-0.3403
MIMAT0000065	TENC1	-0.3395
MIMAT0000456	TJP3	-0.3395
MIMAT0002174	PCSK5	-0.3373
MIMAT0003885	NRXN2	-0.337
MIMAT0000073	PCSK5	-0.3356
MIMAT0004945	RUNX1T1	-0.335
MIMAT0021030	KCNK15	-0.331
MIMAT0030021	ADCY4	-0.3306
MIMAT0000095	RUNX1T1	-0.3302
MIMAT0019880	CD302	-0.3302
MIMAT0000095	PCSK5	-0.3299
MIMAT0005452	KIAA1522	-0.3293
MIMAT0005452	KCNK15	-0.3275
MIMAT0001620	NAALADL1	-0.3268
MIMAT0000415	SNAP29	-0.3225
MIMAT0004945	PCSK5	-0.3224
MIMAT0004494	TENC1	-0.3221
MIMAT0000095	NRXN2	-0.3218
MIMAT0000069	PCDHB18	-0.321
MIMAT0000415	HSFX2	-0.3183
MIMAT0000415	NR2E3	-0.3158
MIMAT0000257	PHF7	-0.3135
MIMAT0000065	SEMA3B	-0.3111
MIMAT0000069	BICC1	-0.3105
MIMAT0000069	NRXN2	-0.3104
MIMAT0004945	GRIK5	-0.3097
MIMAT0009198	KCNK15	-0.3077
MIMAT0000425	SNAP29	-0.3059
MIMAT0004945	NRK	-0.3051
MIMAT0022492	TENC1	-0.3045
MIMAT0003338	KCNK15	-0.3039
MIMAT0000760	TENC1	-0.3029
MIMAT0027600	TENC1	-0.3025
MIMAT0000760	PCSK5	-0.3006
MIMAT0000415	ERLIN2	-0.2989
MIMAT0009198	SEMA3B	-0.298
MIMAT0002174	RUNX1T1	-0.2969
MIMAT0004494	ZNF554	-0.2959
MIMAT0030021	NAALADL1	-0.2939
MIMAT0019880	MAP6	-0.2933
MIMAT0019880	PCDHB18	-0.2924
MIMAT0004683	UHRF1BP1L	-0.291
MIMAT0021030	TPRN	-0.2904
MIMAT0030021	TSPAN9	-0.2893
MIMAT0021030	ZNF799	-0.2882
MIMAT0000455	C10orf107	-0.2882
MIMAT0003338	TENC1	-0.288
MIMAT0003338	SEMA3B	-0.2853
MIMAT0000760	ADCY4	-0.284
MIMAT0005452	TENC1	-0.2839
MIMAT0004819	TENC1	-0.2839
MIMAT0019880	KCNK15	-0.2835
MIMAT0005452	SEMA3B	-0.2818
MIMAT0004494	PHF7	-0.2816
MIMAT0000415	KCNK15	-0.2811
MIMAT0000459	NRXN2	-0.2794
MIMAT0027568	TENC1	-0.2793
MIMAT0000760	NAALADL1	-0.2774
MIMAT0002174	HSFX2	-0.2758
MIMAT0004494	CD302	-0.2755
MIMAT0000737	MFSD3	-0.2726
MIMAT0000065	KCNK15	-0.2709
MIMAT0000433	TPRN	-0.2696
MIMAT0005452	HSFX2	-0.2689
MIMAT0022929	OIP5	-0.267
MIMAT0002174	TSPAN9	-0.2669
MIMAT0000455	ZNF799	-0.2667
MIMAT0000459	NAALADL1	-0.2666
MIMAT0000455	PCDHB18	-0.266
MIMAT0030021	PCSK5	-0.2651
MIMAT0021030	KIAA1522	-0.2643
MIMAT0021030	TENC1	-0.2638
MIMAT0005924	KCNK15	-0.2603
MIMAT0000459	PCSK5	-0.2593
MIMAT0000065	TSPAN9	-0.2588
MIMAT0004678	ADCY4	-0.2588
MIMAT0000065	KIAA0087	-0.2575
MIMAT0027541	TSPAN9	-0.2569
MIMAT0005920	TENC1	-0.2569
MIMAT0022929	DEPDC1	-0.2562
MIMAT0001620	BGN	-0.2561
MIMAT0015045	ADCY4	-0.2538
MIMAT0000455	ZNF225	-0.2535
MIMAT0000425	KIAA1522	-0.2535
MIMAT0000433	TENC1	-0.2531
MIMAT0000433	SEMA3B	-0.2529
MIMAT0004819	SORL1	-0.2527
MIMAT0005458	RHOV	-0.2517
MIMAT0000459	RUNX1T1	-0.2509
MIMAT0004678	CD302	-0.2502
MIMAT0004678	C19orf44	-0.2496
MIMAT0004819	RUNX1T1	-0.2485
MIMAT0015045	C10orf82	-0.2483
MIMAT0015045	TENC1	-0.2482
MIMAT0000428	ACTR2	-0.2482
MIMAT0004683	RUNX1T1	-0.2479
MIMAT0005458	ADCY4	-0.2474
MIMAT0003338	STXBP4	-0.2472
MIMAT0009198	C10orf82	-0.2469
MIMAT0000255	NRXN2	-0.2467
MIMAT0000447	MFSD3	-0.2462
MIMAT0000264	CD302	-0.2458
MIMAT0004683	ITGAV	-0.245
MIMAT0000425	TJP3	-0.2444
MIMAT0004810	ADCY4	-0.2442
MIMAT0000433	UHRF1BP1L	-0.2441
MIMAT0003338	TPRN	-0.2423
MIMAT0000763	MAP3K6	-0.2416
MIMAT0009198	NR2E3	-0.2415
MIMAT0027568	TJP3	-0.241
MIMAT0004494	SORL1	-0.24
MIMAT0000433	STXBP4	-0.2398
MIMAT0005924	TENC1	-0.2394
MIMAT0005920	C19orf44	-0.2391
MIMAT0009198	ZSCAN18	-0.2386
MIMAT0022492	KIAA0087	-0.2382
MIMAT0001620	C2orf84	-0.2369
MIMAT0006790	ANKRD58	-0.2352
MIMAT0004819	PCSK5	-0.2349
MIMAT0004810	C2orf84	-0.2325
MIMAT0001620	HLX	-0.2323
MIMAT0004683	BICC1	-0.2305
MIMAT0000257	SEMA3B	-0.2303
MIMAT0004810	NAALADL1	-0.23
MIMAT0015045	PROCA1	-0.2297
MIMAT0000264	C10orf107	-0.2297
MIMAT0000737	MRPS7	-0.2293
MIMAT0000459	BICC1	-0.2285
MIMAT0004810	RUNX1T1	-0.2284
MIMAT0000425	PHF7	-0.2282
MIMAT0004810	MAP6	-0.228
MIMAT0015045	NR2E3	-0.2278
MIMAT0000255	SPHKAP	-0.2274
MIMAT0022710	MAP6	-0.2273
MIMAT0004819	ADCY4	-0.2271
MIMAT0000763	LRRC15	-0.227
MIMAT0027568	ST6GALNAC1	-0.2269
MIMAT0000076	ANAPC16	-0.2267
MIMAT0003287	DEGS1	-0.2263
MIMAT0004683	LRRC15	-0.2263
MIMAT0022292	TENC1	-0.2262
MIMAT0027600	TPRN	-0.2261
MIMAT0022492	SEMA3B	-0.2227
MIMAT0022492	SORL1	-0.2222
MIMAT0022929	DPM1	-0.222
MIMAT0019220	TENC1	-0.2217
MIMAT0000428	HPCAL1	-0.2215
MIMAT0022929	FBXO43	-0.2198
MIMAT0001620	FAM7A2	-0.2183
MIMAT0000428	NPB	-0.2183
MIMAT0000428	ANKRD58	-0.2181
MIMAT0000425	ERLIN2	-0.2178
MIMAT0022292	NR2E3	-0.2174
MIMAT0000737	FBXO43	-0.2165
MIMAT0004749	C5orf54	-0.2146
MIMAT0005924	MAP6	-0.2145
MIMAT0026718	NRXN2	-0.2143
MIMAT0005458	ST6GALNAC1	-0.2126
MIMAT0027541	TENC1	-0.2125
MIMAT0005458	MAP3K6	-0.2124
MIMAT0000264	TENC1	-0.2124
MIMAT0005924	MAGEE1	-0.2109
MIMAT0000257	TJP3	-0.21
MIMAT0000763	SLC31A2	-0.2097
MIMAT0005924	TSPAN9	-0.2093
MIMAT0005920	C2orf84	-0.2083
MIMAT0027568	SORL1	-0.2081
MIMAT0005920	PCDHB18	-0.2081
MIMAT0019792	RND3	-0.2074
MIMAT0000076	PHF7	-0.2068
MIMAT0000255	ATN1	-0.2057
MIMAT0022492	C10orf107	-0.2055
MIMAT0022292	KIAA1522	-0.2054
MIMAT0026720	RND3	-0.2032
MIMAT0019807	SORL1	-0.2026
MIMAT0027600	HSFX2	-0.2021
MIMAT0000447	ATN1	-0.2018
MIMAT0005929	DEGS1	-0.2013
MIMAT0000737	OIP5	-0.2009
MIMAT0000737	CXCR2P1	-0.2008
MIMAT0004614	C19orf44	-0.2003
MIMAT0027568	ZNF799	-0.1996
MIMAT0022711	SEMA3B	-0.1994
MIMAT0027600	C10orf107	-0.1993
MIMAT0004924	ZNF799	-0.199
MIMAT0004564	CXCR2P1	-0.1989
MIMAT0000763	PCDHB18	-0.198
MIMAT0022710	TENC1	-0.198
MIMAT0027600	KIAA1522	-0.1979
MIMAT0002852	TPRN	-0.1978
MIMAT0005458	NAALADL1	-0.1977
MIMAT0005920	C10orf107	-0.1972
MIMAT0004499	ANKRD19	-0.1972
MIMAT0000257	KIAA1522	-0.1971
MIMAT0000429	PHF7	-0.1969
MIMAT0000257	ERLIN2	-0.1967
MIMAT0005929	C10orf11	-0.1965
MIMAT0019807	TENC1	-0.196
MIMAT0004614	TAS2R19	-0.196
MIMAT0019220	ADCY4	-0.1959
MIMAT0000428	DEPDC1	-0.1951
MIMAT0022292	SEMA3B	-0.195
MIMAT0006790	CXCR2P1	-0.195
MIMAT0000763	PNOC	-0.1948
MIMAT0022710	TSPAN9	-0.1941
MIMAT0019220	PCSK5	-0.1938
MIMAT0027541	SORL1	-0.193
MIMAT0027541	ZNF225	-0.1927
MIMAT0000076	C10orf111	-0.1919
MIMAT0000429	TENC1	-0.1912
MIMAT0022710	PPAPDC1A	-0.1903
MIMAT0026720	FAM108B1	-0.1902
MIMAT0004564	SCAMP5	-0.1901
MIMAT0004499	KLHDC4	-0.1894
MIMAT0022711	TPRN	-0.1893
MIMAT0000255	ADCY4	-0.1893
MIMAT0003287	RAET1G	-0.188
MIMAT0019792	FAM108B1	-0.188
MIMAT0027541	NR2E3	-0.1875
MIMAT0006790	PSMB8	-0.1863
MIMAT0027613	TENC1	-0.1861
MIMAT0000447	SCAMP5	-0.1859
MIMAT0022710	PCSK5	-0.1856
MIMAT0010133	SEMA3B	-0.1849
MIMAT0004564	OIP5	-0.1842
MIMAT0004976	LTA4H	-0.1837
MIMAT0026607	DEPDC1	-0.1835
MIMAT0004924	GUCY2D	-0.1833
MIMAT0000255	PCSK5	-0.1828
MIMAT0026607	OIP5	-0.1821
MIMAT0026720	SPHKAP	-0.182
MIMAT0019724	FAM108B1	-0.1819
MIMAT0004564	MFSD3	-0.1818
MIMAT0026607	TTC35	-0.1816
MIMAT0004565	OIP5	-0.1811
MIMAT0000264	PROCA1	-0.1809
MIMAT0021021	KIAA1522	-0.1809
MIMAT0025841	KCNK15	-0.1806
MIMAT0000264	DHRS3	-0.1806
MIMAT0003287	RFWD2	-0.1805
MIMAT0004924	TJP3	-0.1801
MIMAT0019220	RUNX1T1	-0.18
MIMAT0004614	PCDHB18	-0.18
MIMAT0027103	TPRN	-0.1794
MIMAT0004614	SPHKAP	-0.1792
MIMAT0026607	PSMA3	-0.1789
MIMAT0027395	TPPP3	-0.1787
MIMAT0022929	TTC35	-0.1779
MIMAT0027395	TENC1	-0.1776
MIMAT0006790	NDOR1	-0.1776
MIMAT0028222	?|653553	-0.1774
MIMAT0019807	TSPAN9	-0.1771
MIMAT0000429	ZNF799	-0.1763
MIMAT0019220	NAALADL1	-0.176
MIMAT0021021	TENC1	-0.1758
MIMAT0000076	ZNF554	-0.1755
MIMAT0027396	CD302	-0.1753
MIMAT0019792	SPRY3	-0.1747
MIMAT0021024	RUNX1T1	-0.1746
MIMAT0005583	SORL1	-0.1746
MIMAT0027613	HSFX2	-0.1745
MIMAT0005929	MAP3K6	-0.1742
MIMAT0004614	ADCY4	-0.1738
MIMAT0000445	KCTD11	-0.1737
MIMAT0000447	FBXO43	-0.1736
MIMAT0006764	NRK	-0.1732
MIMAT0000445	EEF1D	-0.173
MIMAT0026720	KRT6C	-0.173
MIMAT0022711	GRIK5	-0.1728
MIMAT0022292	KIAA0087	-0.1722
MIMAT0004565	DEPDC1	-0.1719
MIMAT0027561	NR2E3	-0.1719
MIMAT0019071	LMO7	-0.1718
MIMAT0021024	GRIK5	-0.1718
MIMAT0003287	CNN3	-0.1716
MIMAT0005929	C6orf115	-0.1714
MIMAT0026720	SLC6A15	-0.1712
MIMAT0021021	TSPAN9	-0.1702
MIMAT0004564	HPCAL1	-0.1698
MIMAT0027395	KCNQ1	-0.1692
MIMAT0002852	KIAA1522	-0.1692
MIMAT0002852	SNAP29	-0.169
MIMAT0010133	TENC1	-0.1689
MIMAT0019792	KRT6C	-0.1684
MIMAT0028222	NR2E3	-0.1679
MIMAT0019071	BMP8B	-0.1671
MIMAT0021024	KCNK15	-0.1669
MIMAT0004924	KCNK15	-0.1668
MIMAT0019844	KIAA0087	-0.1668
MIMAT0000067	SLC25A13	-0.1666
MIMAT0026718	ANKRD19	-0.1662
MIMAT0000445	TPRN	-0.1662
MIMAT0027509	C10orf107	-0.1654
MIMAT0000462	KCNK15	-0.1649
MIMAT0019844	OTUD1	-0.1648
MIMAT0002852	DNAL4	-0.1647
MIMAT0005583	ZNF845	-0.1645
MIMAT0006790	FCGR3A	-0.1644
MIMAT0027103	ZNF799	-0.1644
MIMAT0000429	KCNK15	-0.1641
MIMAT0019233	C19orf44	-0.164
MIMAT0000435	ZNF845	-0.1638
MIMAT0005583	MAGEE1	-0.1637
MIMAT0000462	GSS	-0.1636
MIMAT0010133	KCTD11	-0.1634
MIMAT0004976	HSFX2	-0.1632
MIMAT0028222	TPPP3	-0.1629
MIMAT0019807	PCDHB18	-0.1628
MIMAT0000447	KIAA1522	-0.1627
MIMAT0019844	TENC1	-0.1625
MIMAT0005929	PSMB8	-0.1614
MIMAT0000445	PPAPDC1A	-0.1607
MIMAT0022945	PHF7	-0.1606
MIMAT0028222	KCNK15	-0.1594
MIMAT0022711	KIAA0087	-0.1589
MIMAT0014992	PPP2R2C	-0.1587
MIMAT0019233	SPHKAP	-0.1587
MIMAT0021082	C5orf54	-0.1586
MIMAT0021082	TENC1	-0.1585
MIMAT0021021	C10orf107	-0.1585
MIMAT0021024	NRK	-0.158
MIMAT0022862	HPCAL1	-0.1579
MIMAT0019817	OIP5	-0.1572
MIMAT0010133	TPRN	-0.1571
MIMAT0022711	TENC1	-0.157
MIMAT0022468	SLC25A24	-0.157
MIMAT0004499	KSR1	-0.1561
MIMAT0019233	MAP3K6	-0.156
MIMAT0000429	SNAP29	-0.1557
MIMAT0001627	CXCR2P1	-0.1556
MIMAT0000076	CD302	-0.1552
MIMAT0004499	EEF1D	-0.1551
MIMAT0015055	RHOV	-0.1542
MIMAT0015032	C2orf84	-0.1541
MIMAT0004924	SNAP29	-0.1541
MIMAT0026637	RUNX1T1	-0.1538
MIMAT0014992	FBXO43	-0.1534
MIMAT0019807	LINGO4	-0.1532
MIMAT0027396	TENC1	-0.1531
MIMAT0027526	KIAA1522	-0.153
MIMAT0021024	PCSK5	-0.152
MIMAT0021082	FA2H	-0.152
MIMAT0003287	KRT6C	-0.1518
MIMAT0025852	SNAP29	-0.1513
MIMAT0027526	MAP6	-0.1512
MIMAT0017392	TENC1	-0.1511
MIMAT0005589	ST6GALNAC1	-0.1509
MIMAT0027442	ATN1	-0.1506
MIMAT0028222	ADCY4	-0.1503
MIMAT0000445	TSPAN9	-0.1499
MIMAT0021021	TPRN	-0.1492
MIMAT0019817	DEPDC1	-0.1489
MIMAT0004749	ZNF225	-0.1487
MIMAT0022468	STXBP4	-0.1486
MIMAT0027649	SNAP29	-0.1485
MIMAT0027103	C19orf44	-0.1483
MIMAT0027395	SEMA3B	-0.148
MIMAT0026718	ZNF554	-0.1476
MIMAT0000067	RAET1G	-0.147
MIMAT0000067	FYTTD1	-0.1468
MIMAT0027395	C10orf107	-0.1467
MIMAT0010133	RUNX1T1	-0.1462
MIMAT0006764	MED18	-0.1458
MIMAT0019844	C10orf107	-0.1458
MIMAT0006764	SLC25A18	-0.1458
MIMAT0005589	LINGO4	-0.1458
MIMAT0015032	RNF128	-0.1457
MIMAT0005589	TENC1	-0.1457
MIMAT0028223	RHOV	-0.1457
MIMAT0019233	SCRG1	-0.1452
MIMAT0004749	PHF7	-0.1452
MIMAT0002852	TJP3	-0.1451
MIMAT0005583	STXBP4	-0.145
MIMAT0005583	UHRF1BP1L	-0.1443
MIMAT0000435	C5orf54	-0.144
MIMAT0026736	LRRC15	-0.1438
MIMAT0027103	TENC1	-0.1436
MIMAT0027613	TPRN	-0.1434
MIMAT0022945	C10orf107	-0.1433
MIMAT0027396	MDM4	-0.1431
MIMAT0002840	TJP3	-0.1427
MIMAT0004749	MFSD3	-0.1427
MIMAT0006764	BRE	-0.1422
MIMAT0006764	UHRF1BP1L	-0.142
MIMAT0021082	PCDHB18	-0.142
MIMAT0019844	SORL1	-0.1419
MIMAT0002853	TJP3	-0.1419
MIMAT0000462	TPRN	-0.1419
MIMAT0026718	RND3	-0.1417
MIMAT0027103	KIAA0087	-0.1412
MIMAT0026718	ADCY4	-0.1412
MIMAT0027442	NR2E3	-0.1409
MIMAT0017392	C10orf107	-0.1407
MIMAT0002853	ACTL7B	-0.1403
MIMAT0028223	GRIK5	-0.1403
MIMAT0017392	ZNF799	-0.1397
MIMAT0027649	SLC25A18	-0.1396
MIMAT0019724	PKP2	-0.1394
MIMAT0004948	PAQR7	-0.1391
MIMAT0027613	TSPAN9	-0.1388
MIMAT0027396	HSFX2	-0.1386
MIMAT0004976	TENC1	-0.1385
MIMAT0019071	OIP5	-0.1384
MIMAT0019978	RHOV	-0.1384
MIMAT0027656	PGA3	-0.1382
MIMAT0019026	C5orf54	-0.1381
MIMAT0005589	ZNF225	-0.1377
MIMAT0014992	SLC25A13	-0.1376
MIMAT0015032	TENC1	-0.1376
MIMAT0022862	C1orf49	-0.1375
MIMAT0027613	SEMA3B	-0.1374
MIMAT0025841	NR2E3	-0.1372
MIMAT0026637	BGN	-0.1368
MIMAT0026736	BICC1	-0.1364
MIMAT0001627	OIP5	-0.1354
MIMAT0019031	ERLIN2	-0.1353
MIMAT0004565	SLC25A13	-0.1353
MIMAT0019792	ANKRD34B	-0.1353
MIMAT0001627	ABCB10	-0.1351
MIMAT0005589	TJP3	-0.135
MIMAT0027442	HSFX2	-0.135
MIMAT0004749	TPRN	-0.135
MIMAT0000435	UHRF1BP1L	-0.1347
MIMAT0004499	?|653553	-0.1345
MIMAT0027442	TACR3	-0.1345
MIMAT0026479	EEF1D	-0.1345
MIMAT0025841	CCDC13	-0.1343
MIMAT0021082	CXCR7	-0.1341
MIMAT0005572	BRE	-0.134
MIMAT0027509	ZNF799	-0.1339
MIMAT0027396	PARK2	-0.1337
MIMAT0019752	PLXNA3	-0.1334
MIMAT0015032	LRRC15	-0.1333
MIMAT0015032	SLC31A2	-0.1327
MIMAT0026479	TPRX1	-0.1323
MIMAT0021033	LRRC15	-0.1319
MIMAT0026736	ZNF845	-0.1317
MIMAT0005576	MAGEE1	-0.1316
MIMAT0004565	FBXO43	-0.1313
MIMAT0000462	TJP3	-0.1312
MIMAT0027539	SCAMP5	-0.1311
MIMAT0026607	FBXO43	-0.131
MIMAT0000435	RFWD2	-0.1309
MIMAT0014992	PNPLA5	-0.1309
MIMAT0000685	SLC25A13	-0.1308
MIMAT0022945	KIAA1522	-0.1307
MIMAT0022293	HMGN5	-0.1307
MIMAT0004976	TPRN	-0.1307
MIMAT0001627	DEPDC1	-0.1306
MIMAT0025841	SLC25A24	-0.1304
MIMAT0017991	SGK196	-0.1303
MIMAT0014991	ARIH2	-0.1302
MIMAT0001627	PSMB8	-0.1302
MIMAT0019724	BRE	-0.1299
MIMAT0019233	SH3GL2	-0.1299
MIMAT0014977	ZNF799	-0.1296
MIMAT0017991	UBXN2B	-0.1292
MIMAT0027509	TENC1	-0.1288
MIMAT0026640	ZNF135	-0.1285
MIMAT0004948	TSPAN9	-0.1281
MIMAT0000067	PPP2R2C	-0.128
MIMAT0019021	UHRF1BP1L	-0.1279
MIMAT0019033	HSFX2	-0.1274
MIMAT0005572	SNAP29	-0.127
MIMAT0005953	RNF128	-0.1269
MIMAT0028224	MRPS7	-0.1268
MIMAT0025841	PAQR7	-0.1266
MIMAT0015055	DLGAP4	-0.1266
MIMAT0027649	LINGO4	-0.1265
MIMAT0019031	PPAPDC1A	-0.1263
MIMAT0017392	KIAA0087	-0.126
MIMAT0017991	TJP3	-0.1259
MIMAT0002853	FA2H	-0.1256
MIMAT0000067	DEPDC1	-0.1254
MIMAT0025852	TENC1	-0.1254
MIMAT0019724	CNN3	-0.1254
MIMAT0004913	EEF1D	-0.1253
MIMAT0005572	ST6GALNAC1	-0.1251
MIMAT0005936	IGFL4	-0.125
MIMAT0019057	PPAPDC1A	-0.125
MIMAT0027539	FAM7A2	-0.1249
MIMAT0027527	RND3	-0.1248
MIMAT0005936	ZNF225	-0.1243
MIMAT0019734	SLC25A24	-0.1237
MIMAT0005953	UBXN2B	-0.1234
MIMAT0027442	RNF128	-0.1232
MIMAT0022945	HSFX2	-0.123
MIMAT0022862	MFSD3	-0.123
MIMAT0000735	MFSD3	-0.123
MIMAT0005572	TPRN	-0.1228
MIMAT0019938	PPP2R2C	-0.1228
MIMAT0022945	ACTL7B	-0.1228
MIMAT0014992	HPCAL1	-0.1223
MIMAT0004913	ZNF799	-0.1222
MIMAT0021033	OTUD1	-0.1219
MIMAT0026736	PPAPDC1A	-0.1219
MIMAT0019794	STXBP4	-0.1218
MIMAT0027506	ANAPC16	-0.1218
MIMAT0019071	DEPDC1	-0.1216
MIMAT0019923	HMGN5	-0.1215
MIMAT0019836	SLC25A18	-0.1212
MIMAT0017991	TPRN	-0.1201
MIMAT0027427	SPRY3	-0.1196
MIMAT0000685	NPB	-0.1194
MIMAT0019859	SH3GL2	-0.1191
MIMAT0019071	MT1H	-0.119
MIMAT0000462	KIAA1522	-0.119
MIMAT0018090	ERLIN2	-0.1189
MIMAT0017392	LTA4H	-0.1189
MIMAT0017991	FAM190A	-0.1185
MIMAT0027526	LTA4H	-0.1184
MIMAT0002828	PLXNA3	-0.1183
MIMAT0019923	SPRY3	-0.1183
MIMAT0019836	C5orf54	-0.1181
MIMAT0026479	MRPL55	-0.118
MIMAT0028223	C2orf7	-0.1174
MIMAT0027526	HSFX2	-0.1172
MIMAT0022468	KIAA1522	-0.1171
MIMAT0021080	OTUD1	-0.1171
MIMAT0026736	CXCR7	-0.117
MIMAT0027649	ACTL7B	-0.1168
MIMAT0000422	TJP3	-0.1166
MIMAT0018112	CNN3	-0.1163
MIMAT0000685	DEPDC1	-0.1162
MIMAT0027649	GUCY2D	-0.1159
MIMAT0027527	OTX2	-0.1158
MIMAT0028223	MAP3K6	-0.1157
MIMAT0027509	TPRN	-0.1157
MIMAT0019724	ACTR2	-0.1155
MIMAT0004913	C19orf44	-0.1154
MIMAT0015055	SOCS3	-0.115
MIMAT0000685	OIP5	-0.1149
MIMAT0005572	RNPEPL1	-0.1149
MIMAT0026637	PCSK5	-0.1148
MIMAT0019938	SLC25A18	-0.1147
MIMAT0000685	BMP8B	-0.1147
MIMAT0018184	CCDC13	-0.1143
MIMAT0018184	PHF7	-0.1142
MIMAT0019734	UBXN2B	-0.1141
MIMAT0027527	FAM190A	-0.1141
MIMAT0000435	LTA4H	-0.1141
MIMAT0005573	LRRC15	-0.114
MIMAT0027526	BRE	-0.1136
MIMAT0002853	KIAA1522	-0.1135
MIMAT0022468	KIF5A	-0.1134
MIMAT0015036	LTV1	-0.1134
MIMAT0021080	ZNF799	-0.1132
MIMAT0014977	TENC1	-0.1131
MIMAT0002840	TPRN	-0.1128
MIMAT0000735	OIP5	-0.1128
MIMAT0019978	NRK	-0.1127
MIMAT0026637	ADCY4	-0.1124
MIMAT0018112	SORL1	-0.1121
MIMAT0002840	C5orf54	-0.1121
MIMAT0031120	C19orf44	-0.1119
MIMAT0004913	ANKRD19	-0.1118
MIMAT0019231	C19orf44	-0.1118
MIMAT0018112	C10orf107	-0.1116
MIMAT0004976	RNPEPL1	-0.1115
MIMAT0005936	STXBP4	-0.1115
MIMAT0018112	KIAA0087	-0.1113
MIMAT0026640	ZSCAN18	-0.1112
MIMAT0026637	LRRC15	-0.1112
MIMAT0019033	ZSCAN18	-0.1111
MIMAT0031120	MDM4	-0.111
MIMAT0000422	RHOV	-0.1109
MIMAT0019817	FBXO43	-0.1109
MIMAT0019978	MT1H	-0.1108
MIMAT0018112	ITGAV	-0.1108
MIMAT0027656	TSPAN9	-0.1106
MIMAT0027403	AGL	-0.1105
MIMAT0021033	C1orf187	-0.1105
MIMAT0019929	DHRS3	-0.1103
MIMAT0021033	LMO7	-0.1102
MIMAT0015055	BGN	-0.1101
MIMAT0005936	UHRF1BP1L	-0.1099
MIMAT0019836	GRAPL	-0.1098
MIMAT0004948	PLXNA3	-0.1098
MIMAT0022862	C10orf111	-0.1096
MIMAT0021033	SPRY3	-0.1096
MIMAT0019884	DLGAP4	-0.1096
MIMAT0026479	ARIH2	-0.1096
MIMAT0026479	RMRP	-0.1094
MIMAT0015055	DPM1	-0.1094
MIMAT0027548	OTUD1	-0.1094
MIMAT0022468	ATN1	-0.1093
MIMAT0019031	KCNK15	-0.1093
MIMAT0031120	SCRG1	-0.1091
MIMAT0019794	TENC1	-0.1089
MIMAT0004948	C10orf82	-0.1086
MIMAT0019884	PKP2	-0.1085
MIMAT0027398	C1orf187	-0.1082
MIMAT0004565	MRPS7	-0.1081
MIMAT0019817	C6orf115	-0.1081
MIMAT0002828	AGL	-0.108
MIMAT0019978	CXCR7	-0.108
MIMAT0026473	DHRS3	-0.1079
MIMAT0019752	MYO18A	-0.1079
MIMAT0027628	SGK196	-0.1078
MIMAT0019026	KCNK15	-0.1077
MIMAT0005573	TAS2R19	-0.1077
MIMAT0027646	RUNX1T1	-0.1076
MIMAT0028223	GSS	-0.1075
MIMAT0027646	ZSCAN18	-0.1074
MIMAT0019817	DPM1	-0.1074
MIMAT0014977	PHF7	-0.1074
MIMAT0014977	TAS2R1	-0.1072
MIMAT0027509	CXCR7	-0.1072
MIMAT0026620	MT1H	-0.1071
MIMAT0019978	PPAPDC1A	-0.107
MIMAT0019231	KDM5A	-0.1069
MIMAT0014977	GRIK5	-0.1066
MIMAT0004913	NRK	-0.1065
MIMAT0027539	NRK	-0.1065
MIMAT0018121	RPP30	-0.1064
MIMAT0005953	BMP8B	-0.1064
MIMAT0027527	SCML1	-0.1062
MIMAT0018090	BGN	-0.106
MIMAT0005576	HSFX2	-0.1058
MIMAT0022289	SPRY3	-0.1058
MIMAT0000735	CXCR2P1	-0.1057
MIMAT0031120	ZNF554	-0.1057
MIMAT0027646	SEMA3B	-0.1056
MIMAT0019938	ARIH2	-0.1054
MIMAT0019026	UHRF1BP1L	-0.1054
MIMAT0027646	NRXN2	-0.1053
MIMAT0004948	MAGEE1	-0.1051
MIMAT0027646	ZNF135	-0.1049
MIMAT0025852	NDOR1	-0.1047
MIMAT0025476	FAM190A	-0.1045
MIMAT0027548	C2orf84	-0.1045
MIMAT0027527	SPHKAP	-0.1044
MIMAT0019836	HPCAL1	-0.1041
MIMAT0027562	ERLIN2	-0.104
MIMAT0019884	BMP8B	-0.104
MIMAT0019031	UHRF1BP1L	-0.1038
MIMAT0018184	C19orf44	-0.1037
MIMAT0000735	KDM5A	-0.1037
MIMAT0019021	KPNA6	-0.1036
MIMAT0019231	PKP2	-0.1033
MIMAT0018090	KCTD11	-0.1029
MIMAT0027656	HPCAL1	-0.1028
MIMAT0019031	C10orf82	-0.1028
MIMAT0019940	ZNF222	-0.1026
MIMAT0025852	TPRN	-0.1026
MIMAT0028224	SLC25A13	-0.1025
MIMAT0015037	SNAP29	-0.1024
MIMAT0028224	XKR3	-0.1024
MIMAT0026473	ATN1	-0.1024
MIMAT0019884	GUCY2D	-0.1023
MIMAT0016866	CCDC13	-0.1023
MIMAT0019884	TPRN	-0.1022
MIMAT0002853	TPPP3	-0.1021
MIMAT0019859	RMRP	-0.102
MIMAT0027562	UHRF1BP1L	-0.1017
MIMAT0031120	SPHKAP	-0.1017
MIMAT0018090	TSPAN9	-0.1017
MIMAT0019026	DEGS1	-0.1015
MIMAT0027547	LTA4H	-0.1015
MIMAT0027403	C5orf54	-0.1015
MIMAT0022270	UBXN2B	-0.1014
MIMAT0019231	PGA3	-0.1014
MIMAT0026640	KRT6C	-0.1008
MIMAT0025852	GUCY2D	-0.1007
MIMAT0002840	RPP30	-0.1005
MIMAT0021129	TSPAN9	-0.1005
MIMAT0019722	RNPEPL1	-0.1005
MIMAT0002840	LINGO4	-0.1004
MIMAT0019794	GMPPA	-0.1004
MIMAT0027406	FAM108B1	-0.1003
MIMAT0019033	TPRN	-0.1
MIMAT0022270	MRPS7	-0.1
MIMAT0005953	KIF5A	-0.0999
MIMAT0018090	RNF128	-0.0998
MIMAT0026620	FBXO43	-0.0996
MIMAT0003264	TSPAN9	-0.0996
MIMAT0026640	GUCY2D	-0.0994
MIMAT0021129	NRK	-0.0994
MIMAT0019785	HPCAL1	-0.0993
MIMAT0027547	ZNF554	-0.0992
MIMAT0025476	OTUD1	-0.0991
MIMAT0019897	ZNF222	-0.0991
MIMAT0026473	PSMB11	-0.0991
MIMAT0005576	SNAP29	-0.099
MIMAT0027656	HSFX2	-0.0986
MIMAT0025476	SGK196	-0.0985
MIMAT0019734	STXBP4	-0.0982
MIMAT0027656	LOC441294	-0.0982
MIMAT0019752	BICC1	-0.0981
MIMAT0019734	UHRF1BP1L	-0.0981
MIMAT0019026	TPRN	-0.0981
MIMAT0019923	OR7E37P	-0.098
MIMAT0027548	PROCA1	-0.098
MIMAT0027406	SORL1	-0.0979
MIMAT0018121	KCTD8	-0.0978
MIMAT0014991	TENC1	-0.0974
MIMAT0005573	LMO7	-0.0974
MIMAT0019722	MAP3K6	-0.0974
MIMAT0025476	ITGAV	-0.0972
MIMAT0027561	KCNK15	-0.0971
MIMAT0019021	ZNF845	-0.097
MIMAT0005573	LTA4H	-0.097
MIMAT0022486	C19orf44	-0.097
MIMAT0019938	TJP3	-0.0969
MIMAT0027628	ITGAV	-0.0969
MIMAT0021118	MUC17	-0.0968
MIMAT0005936	KCNK15	-0.0964
MIMAT0027561	ZNF799	-0.0964
MIMAT0027548	CD302	-0.0964
MIMAT0014991	ART1	-0.0962
MIMAT0021118	HLX	-0.0962
MIMAT0005573	PKP2	-0.0962
MIMAT0000735	MUC17	-0.0961
MIMAT0027548	ST6GALNAC1	-0.096
MIMAT0002828	SGK196	-0.096
MIMAT0019785	XCL2	-0.0959
MIMAT0022490	DLGAP4	-0.0959
MIMAT0027427	NLRC5	-0.0958
MIMAT0021080	GMPPA	-0.0958
MIMAT0022270	SGK196	-0.0958
MIMAT0026640	SLITRK2	-0.0957
MIMAT0026473	KDM5A	-0.0956
MIMAT0021129	GRIK5	-0.0956
MIMAT0021118	ST6GALNAC1	-0.0955
MIMAT0027427	ZNF841	-0.0954
MIMAT0019231	UHRF1BP1L	-0.0954
MIMAT0005576	ZNF554	-0.0952
MIMAT0019923	C1orf187	-0.095
MIMAT0015036	RAP2C	-0.095
MIMAT0019767	SORL1	-0.095
MIMAT0027561	PHF7	-0.0949
MIMAT0004696	KIAA1522	-0.0949
MIMAT0027628	C10orf111	-0.0949
MIMAT0016866	ZNF841	-0.0948
MIMAT0022293	KIAA1522	-0.0946
MIMAT0019785	ADCY4	-0.0946
MIMAT0027403	STXBP4	-0.0944
MIMAT0027539	C2orf84	-0.0943
MIMAT0019734	ABCB10	-0.0943
MIMAT0004696	KCNK15	-0.0941
MIMAT0019752	ZNF841	-0.094
MIMAT0019940	STXBP4	-0.094
MIMAT0027628	UBXN2B	-0.0939
MIMAT0019897	ZNF799	-0.0939
MIMAT0004696	PLXNA3	-0.0938
MIMAT0021118	ANAPC16	-0.0936
MIMAT0028224	TACR3	-0.0935
MIMAT0025476	PALM2-AKAP2	-0.0934
MIMAT0028226	SEMA3B	-0.0933
MIMAT0019897	SORL1	-0.0932
MIMAT0019767	PCDHB18	-0.093
MIMAT0019923	C5orf54	-0.093
MIMAT0019752	ZNF845	-0.0928
MIMAT0019859	SCRG1	-0.0928
MIMAT0019722	KCTD11	-0.0927
MIMAT0014991	KIAA1522	-0.0927
MIMAT0005576	ITGAV	-0.0926
MIMAT0022862	ATN1	-0.0926
MIMAT0003264	HSFX2	-0.0925
MIMAT0019033	TENC1	-0.0924
MIMAT0027653	ZNF225	-0.0923
MIMAT0000422	SPDYE2	-0.0921
MIMAT0002828	KIAA1522	-0.092
MIMAT0016866	BICC1	-0.0919
MIMAT0027562	LOC441294	-0.0919
MIMAT0026620	UBXN2B	-0.0918
