gene	community
MYBL2	0
GTSE1	0
TTK	0
ESPL1	0
FAM64A	0
ARHGAP11B	0
PRR11	0
KIF14	0
DEPDC1B	0
EXO1	0
NCAPH	0
TPX2	0
EPR1	0
BUB1	0
MCM10	0
E2F2	0
E2F8	0
DLGAP5	0
FAM83D	0
ASPM	0
CENPA	0
BIRC5	0
GINS1	0
SPAG5	0
ANLN	0
GSG2	0
SHCBP1	0
C6orf97	1
GPR77	1
FSIP1	1
THSD4	1
CA12	1
AGR2	1
AGR3	1
FLJ45983	1
ESR1	1
PTTG1	2
CDKN3	2
UBE2C	2
UBE2T	2
STMN1	2
CKS1B	2
NDC80	2
PIF1	2
SPC25	2
TTYH1	3
SFRS13B	3
MIA	3
STAC2	3
OSR1	3
SFRP1	3
BCL11A	3
ROPN1B	3
FOXC1	3
PGAP3	4
ERBB2	4
STARD3	4
GRB7	4
DSC3	5
KRT17	5
KRT5	5
OGN	6
KERA	6
CHST3	7
MAML2	7
LOC100128977	8
MAPT	8
KRT6C	9
KRT16	9
XPC	10
NUP93	11
CAMKV	12
RHEB	13
MDP1	14
SLC46A1	15
RARRES1	16
FBXL17	17
GHDC	18
TPRN	19
CHST2	20
CHST4	21
GPSM2	22
LIPG	23
ZNF703	24
FAM134C	25
FAM134B	26
TRERF1	27
C14orf115	28
ART3	29
LEO1	30
ATP1A4	31
ATP1A2	32
TCP1	33
CPEB4	34
CPEB3	35
CPEB2	36
ABAT	37
IFT88	38
PNP	39
SIDT1	40
SIX3	41
PHOSPHO2	42
AAGAB	43
XPNPEP1	44
KHDRBS3	45
TTC7A	46
UQCRHL	47
IGFBP4	48
SKP2	49
C15orf23	50
S1PR2	51
TMC4	52
SLC36A4	53
IFT140	54
RSPH1	55
SOX6	56
KIAA0020	57
FOXL1	58
PKIB	59
UPF0639	60
LPPR3	61
ABCG1	62
C10orf90	63
C10orf93	64
C15orf41	65
C4orf7	66
KCNK5	67
SERPINA5	68
LOC284276	69
NOVA1	70
SMC1B	71
C8orf46	72
TPSG1	73
GPR126	74
GPR125	75
RND1	76
CCDC150	77
SYT8	78
SYT9	79
MARCO	80
MATN3	81
FFAR2	82
FBXO15	83
CNGB1	84
FRMD3	85
CNTNAP3	86
KLK6	87
BAIAP3	88
PCSK6	89
SLC16A6	90
SCRG1	91
EN1	92
ATP13A5	93
E2F7	94
PRSS12	95
SYTL5	96
LOC285629	97
KRT37	98
CHN2	99
IL12RB2	100
ADCY1	101
CAPN13	102
BCL2	103
SERPINB5	104
LOC84740	105
ABLIM3	106
F7	107
CRIP1	108
NAT1	109
SMOC1	110
COL11A2	111
LAD1	112
RAB19	113
CHODL	114
SULT2B1	115
C6orf218	116
IGBP1	117
CNTD1	118
G6PD	119
TMEM26	120
C1orf173	121
SLC16A10	122
BBS1	123
KIAA1984	124
PDE9A	125
MAG	126
RASEF	127
FAM176B	128
EEF1A2	129
KCNG1	130
ZIC1	131
ZBTB16	132
SLC39A12	133
LYPD6	134
ANKRD30A	135
ANKRD30B	136
PGLYRP4	137
KIAA1377	138
GAL	139
GPR3	140
COL27A1	141
MFSD7	142
SCEL	143
CACNG1	144
FOLH1	145
IRS1	146
RERG	147
ATP10B	148
PCDHB9	149
CXCL1	150
CXCL5	151
AFF3	152
LOC283174	153
AKR1E2	154
SUSD3	155
PSORS1C2	156
PTX3	157
SLC7A8	158
TLX1	159
STARD13	160
PHYHD1	161
MT1H	162
PPP1R14C	163
MFSD2B	164
RET	165
C20orf114	166
PGR	167
VAX1	168
TFCP2L1	169
SCNN1A	170
NAV3	171
MEGF9	172
PIP	173
RBM24	174
HRCT1	175
COL9A3	176
CREB3L1	177
OTX1	178
LMO4	179
A2ML1	180
AQP5	181
ITGB8	182
SEC14L4	183
NRTN	184
CHAD	185
FABP7	186
FABP5	187
ASAH1	188
BAI2	189
CCKBR	190
BCAS1	191
CCDC74A	192
FANK1	193
DOK7	194
LRG1	195
NCAM2	196
KCNH1	197
PGLYRP2	198
RGS22	199
CDCA7	200
MID1	201
PLCH1	202
NUDT6	203
MSLN	204
LRRC31	205
SLC16A1	206
SLC15A1	207
PPM1J	208
RTN4RL1	209
LIN28B	210
KCNJ3	211
CMYA5	212
TMEM158	213
FRAT1	214
SLC34A2	215
ITPR1	216
PM20D2	217
SLC6A2	218
IGF1R	219
FSD1	220
C15orf59	221
ERBB4	222
FGFBP1	223
CDKN2A	224
ZNF454	225
GRIK3	226
PPP1R3C	227
FAM131C	228
NKAIN1	229
NUDT8	230
SRMS	231
GPR81	232
ISL2	233
CYP4Z2P	234
SLC19A2	235
FAM150B	236
C1orf106	237
GPRC5C	238
SLC7A2	239
C1orf64	240
GDF5	241
PROM1	242
SLC44A4	243
CNGA1	244
DNAH7	245
CCDC48	246
GPR19	247
PDZK1	248
LOC339674	249
PNMA3	250
GPM6B	251
SOX11	252
SLC27A2	253
HSD17B2	254
IL1RL2	255
KIF12	256
MAPK4	257
PFKP	258
KCND3	259
TPBG	260
TCAM1P	261
BHLHE40	262
ULK4	263
STK32B	264
CDH19	265
LOC148696	266
HRASLS	267
CYP39A1	268
ADAMTS15	269
CPA3	270
CPA4	271
ZNF385A	272
SLC6A11	273
SLC6A15	274
C6orf223	275
DACH1	276
SLC40A1	277
CHI3L2	278
NXPH3	279
MMP17	280
CST9	281
RDH10	282
WDR67	283
WNK4	284
SLC6A17	285
HPX	286
HPN	287
C6orf15	288
GPRC5A	289
IL22RA2	290
ABCC11	291
CYP2B7P1	292
CYP4B1	293
RCOR2	294
BPI	295
DNER	296
ST8SIA1	297
KRT86	298
LCT	299
FLJ36777	300
ELOVL2	301
AMY1A	302
DEFB1	303
DUSP9	304
NEK5	305
RHCG	306
C10orf116	307
CXorf61	308
TFF1	309
CDH3	310
GREB1	311
CYP21A2	312
SEPT3	313
YPEL2	314
RIMS4	315
SH3GL3	316
CAPN9	317
CAPN8	318
C1GALT1	319
IL20	320
KIF13B	321
KLF5	322
FBN3	323
OLAH	324
CST2	325
EPB41L4A	326
MPP2	327
MPP7	328
GP2	329
AGTR1	330
LOC150622	331
PLA2G10	332
ABCC8	333
TGFA	334
PLAT	335
STON2	336
TCEAL6	337
FAAH	338
STOX2	339
ELF5	340
