gene1	gene2	correlation
GTSE1	MCM10	0.8204
GTSE1	DLGAP5	0.8377
GTSE1	NDC80	0.8233
GTSE1	SPC25	0.7582
GTSE1	FAM64A	0.8368
GTSE1	TPX2	0.8724
GTSE1	E2F2	0.7816
GTSE1	E2F8	0.7684
GTSE1	KIF14	0.791
GTSE1	UBE2C	0.8418
GTSE1	BIRC5	0.8285
GTSE1	ANLN	0.773
GTSE1	GSG2	0.7677
GTSE1	NCAPH	0.8601
GTSE1	PTTG1	0.7993
GTSE1	PIF1	0.7542
GTSE1	MYBL2	0.8241
GTSE1	BUB1	0.8389
GTSE1	ASPM	0.8166
GTSE1	CDKN3	0.7909
GTSE1	TTK	0.8045
GTSE1	ESPL1	0.79
GTSE1	DEPDC1B	0.8259
GTSE1	EXO1	0.8096
GTSE1	EPR1	0.7528
GTSE1	FAM83D	0.8175
GTSE1	CENPA	0.8583
GTSE1	SPAG5	0.7638
THSD4	GPR77	0.7826
THSD4	CA12	0.7939
THSD4	AGR3	0.7823
THSD4	ESR1	0.8208
THSD4	C6orf97	0.7752
CHST3	MAML2	0.7654
CKS1B	UBE2T	0.7536
MCM10	DLGAP5	0.8568
MCM10	NDC80	0.825
MCM10	SPC25	0.7737
MCM10	FAM64A	0.8016
MCM10	TPX2	0.8733
MCM10	E2F2	0.8145
MCM10	E2F8	0.7825
MCM10	KIF14	0.8246
MCM10	UBE2C	0.814
MCM10	UBE2T	0.7768
MCM10	BIRC5	0.8337
MCM10	ANLN	0.8185
MCM10	GSG2	0.8406
MCM10	SHCBP1	0.797
MCM10	PRR11	0.7534
MCM10	NCAPH	0.8798
MCM10	PTTG1	0.7584
MCM10	GINS1	0.802
MCM10	MYBL2	0.8416
MCM10	BUB1	0.8724
MCM10	ASPM	0.833
MCM10	CDKN3	0.7703
MCM10	TTK	0.84
MCM10	ESPL1	0.8195
MCM10	DEPDC1B	0.8292
MCM10	EXO1	0.8709
MCM10	EPR1	0.7601
MCM10	FAM83D	0.8513
MCM10	CENPA	0.8581
MCM10	SPAG5	0.7686
GPR77	CA12	0.7569
GPR77	AGR3	0.7769
GPR77	ESR1	0.8335
GPR77	C6orf97	0.7884
STAC2	SFRP1	0.7501
STMN1	NDC80	0.7777
STMN1	FAM64A	0.7688
STMN1	TPX2	0.7507
STMN1	UBE2C	0.7563
STMN1	PTTG1	0.7606
STMN1	TTK	0.7641
STMN1	CENPA	0.7801
DLGAP5	NDC80	0.8527
DLGAP5	SPC25	0.8129
DLGAP5	FAM64A	0.7869
DLGAP5	TPX2	0.8946
DLGAP5	E2F2	0.7708
DLGAP5	E2F8	0.8012
DLGAP5	KIF14	0.8388
DLGAP5	UBE2C	0.8276
DLGAP5	UBE2T	0.7625
DLGAP5	BIRC5	0.8201
DLGAP5	ANLN	0.851
DLGAP5	GSG2	0.7943
DLGAP5	SHCBP1	0.7721
DLGAP5	NCAPH	0.8859
DLGAP5	PTTG1	0.8213
DLGAP5	GINS1	0.762
DLGAP5	MYBL2	0.8094
DLGAP5	BUB1	0.9106
DLGAP5	ASPM	0.8604
DLGAP5	CDKN3	0.878
DLGAP5	TTK	0.8788
DLGAP5	ESPL1	0.8073
DLGAP5	DEPDC1B	0.8653
DLGAP5	EXO1	0.8445
DLGAP5	FAM83D	0.8573
DLGAP5	CENPA	0.8714
DLGAP5	SPAG5	0.7525
NDC80	SPC25	0.7897
NDC80	FAM64A	0.8081
NDC80	TPX2	0.8601
NDC80	E2F2	0.7814
NDC80	KIF14	0.7891
NDC80	UBE2C	0.8308
NDC80	UBE2T	0.7763
NDC80	BIRC5	0.8259
NDC80	ANLN	0.7827
NDC80	GSG2	0.7598
NDC80	NCAPH	0.8513
NDC80	PTTG1	0.8362
NDC80	PIF1	0.753
NDC80	MYBL2	0.7823
NDC80	BUB1	0.8409
NDC80	ASPM	0.8088
NDC80	CDKN3	0.7838
NDC80	TTK	0.8523
NDC80	ESPL1	0.7523
NDC80	DEPDC1B	0.8127
NDC80	EXO1	0.8003
NDC80	FAM83D	0.7815
NDC80	CENPA	0.863
SPC25	TPX2	0.8204
SPC25	UBE2C	0.8065
SPC25	UBE2T	0.7587
SPC25	BIRC5	0.7853
SPC25	NCAPH	0.8222
SPC25	PTTG1	0.7931
SPC25	MYBL2	0.7595
SPC25	BUB1	0.8063
SPC25	ASPM	0.7501
SPC25	CDKN3	0.7807
SPC25	TTK	0.7694
SPC25	ESPL1	0.7793
SPC25	DEPDC1B	0.7988
SPC25	EXO1	0.7748
SPC25	FAM83D	0.7577
SPC25	CENPA	0.8077
FAM64A	TPX2	0.8409
FAM64A	UBE2C	0.8311
FAM64A	BIRC5	0.8197
FAM64A	GSG2	0.7875
FAM64A	NCAPH	0.8115
FAM64A	PTTG1	0.8019
FAM64A	MYBL2	0.7905
FAM64A	BUB1	0.7968
FAM64A	TTK	0.7829
FAM64A	ESPL1	0.7556
FAM64A	DEPDC1B	0.7723
FAM64A	EXO1	0.7661
FAM64A	FAM83D	0.7801
FAM64A	CENPA	0.8505
FSIP1	AGR3	0.7526
ERBB2	GRB7	0.8418
ERBB2	STARD3	0.8685
ERBB2	PGAP3	0.8742
TPX2	E2F2	0.8033
TPX2	E2F8	0.8087
TPX2	KIF14	0.8417
TPX2	UBE2C	0.8962
TPX2	UBE2T	0.8083
TPX2	BIRC5	0.8711
TPX2	ANLN	0.8408
TPX2	GSG2	0.822
TPX2	SHCBP1	0.78
TPX2	NCAPH	0.8988
TPX2	PTTG1	0.845
TPX2	GINS1	0.8303
TPX2	MYBL2	0.8756
TPX2	BUB1	0.9045
TPX2	ASPM	0.8537
TPX2	CDKN3	0.8242
TPX2	TTK	0.863
TPX2	ESPL1	0.8563
TPX2	DEPDC1B	0.8764
TPX2	EXO1	0.8673
TPX2	EPR1	0.7904
TPX2	FAM83D	0.9009
TPX2	CENPA	0.9042
TPX2	SPAG5	0.7926
E2F2	UBE2C	0.764
E2F2	NCAPH	0.8013
E2F2	MYBL2	0.799
E2F2	BUB1	0.7848
E2F2	TTK	0.7583
E2F2	ESPL1	0.7868
E2F2	DEPDC1B	0.7636
E2F2	EXO1	0.7692
E2F2	FAM83D	0.7543
E2F2	CENPA	0.792
E2F8	KIF14	0.778
E2F8	ANLN	0.7596
E2F8	GSG2	0.763
E2F8	NCAPH	0.8136
E2F8	BUB1	0.8359
E2F8	ASPM	0.7873
E2F8	TTK	0.7521
E2F8	ESPL1	0.8019
E2F8	DEPDC1B	0.7854
E2F8	FAM83D	0.7856
E2F8	CENPA	0.7604
KERA	OGN	0.7554
LOC100128977	MAPT	0.7613
KRT17	KRT5	0.8853
KRT17	DSC3	0.8288
KRT16	KRT6C	0.7789
FLJ45983	ESR1	0.7763
FOXC1	SFRS13B	0.7923
FOXC1	SFRP1	0.7557
FOXC1	ROPN1B	0.7543
FOXC1	BCL11A	0.755
CA12	AGR3	0.7806
CA12	ESR1	0.8001
KIF14	UBE2T	0.7883
KIF14	ANLN	0.8291
KIF14	GSG2	0.7872
KIF14	PRR11	0.7636
KIF14	NCAPH	0.8327
KIF14	GINS1	0.7507
KIF14	BUB1	0.8654
KIF14	ASPM	0.9274
KIF14	TTK	0.8261
KIF14	ESPL1	0.803
KIF14	DEPDC1B	0.8199
KIF14	EXO1	0.8631
KIF14	FAM83D	0.8268
KIF14	CENPA	0.7875
AGR2	AGR3	0.8061
AGR3	ESR1	0.8537
AGR3	C6orf97	0.7972
GRB7	STARD3	0.8179
GRB7	PGAP3	0.7744
MIA	SFRP1	0.805
MIA	ROPN1B	0.766
UBE2C	UBE2T	0.8181
UBE2C	BIRC5	0.8775
UBE2C	ANLN	0.7516
UBE2C	NCAPH	0.8577
UBE2C	PTTG1	0.8887
UBE2C	GINS1	0.7677
UBE2C	PIF1	0.7677
UBE2C	MYBL2	0.8969
UBE2C	BUB1	0.8104
UBE2C	CDKN3	0.8379
UBE2C	TTK	0.8075
UBE2C	ESPL1	0.8041
UBE2C	DEPDC1B	0.8152
UBE2C	EXO1	0.7886
UBE2C	FAM83D	0.8454
UBE2C	CENPA	0.8834
UBE2C	SPAG5	0.7747
UBE2T	BIRC5	0.7819
UBE2T	NCAPH	0.7934
UBE2T	PTTG1	0.8073
UBE2T	ASPM	0.7646
UBE2T	CDKN3	0.7901
UBE2T	TTK	0.7672
UBE2T	DEPDC1B	0.7545
UBE2T	EXO1	0.8128
UBE2T	FAM83D	0.7568
UBE2T	CENPA	0.7741
BIRC5	ANLN	0.7513
BIRC5	NCAPH	0.8521
BIRC5	PTTG1	0.8346
BIRC5	MYBL2	0.8315
BIRC5	BUB1	0.8207
BIRC5	ASPM	0.7597
BIRC5	CDKN3	0.8089
BIRC5	TTK	0.783
BIRC5	ESPL1	0.7901
BIRC5	DEPDC1B	0.8127
BIRC5	EXO1	0.7978
BIRC5	EPR1	0.8316
BIRC5	FAM83D	0.8012
BIRC5	CENPA	0.875
BIRC5	SPAG5	0.7666
ANLN	GSG2	0.7652
ANLN	SHCBP1	0.7804
ANLN	PRR11	0.7639
ANLN	NCAPH	0.8163
ANLN	BUB1	0.8719
ANLN	ASPM	0.8294
ANLN	TTK	0.8261
ANLN	DEPDC1B	0.7889
ANLN	EXO1	0.8044
ANLN	FAM83D	0.8219
ANLN	CENPA	0.8121
GSG2	NCAPH	0.8258
GSG2	BUB1	0.8355
GSG2	ASPM	0.8133
GSG2	TTK	0.7896
GSG2	ESPL1	0.7715
GSG2	DEPDC1B	0.767
GSG2	EXO1	0.808
GSG2	FAM83D	0.8149
GSG2	CENPA	0.7819
SHCBP1	NCAPH	0.7775
SHCBP1	MYBL2	0.7604
SHCBP1	BUB1	0.7969
SHCBP1	EXO1	0.7606
SHCBP1	FAM83D	0.7883
SHCBP1	CENPA	0.76
ARHGAP11B	ASPM	0.7706
PRR11	BUB1	0.7943
PRR11	ASPM	0.772
NCAPH	PTTG1	0.8169
NCAPH	GINS1	0.7885
NCAPH	PIF1	0.7519
NCAPH	MYBL2	0.8524
NCAPH	BUB1	0.9165
NCAPH	ASPM	0.8396
NCAPH	CDKN3	0.8097
NCAPH	TTK	0.8697
NCAPH	ESPL1	0.8349
NCAPH	DEPDC1B	0.853
NCAPH	EXO1	0.8664
NCAPH	EPR1	0.7729
NCAPH	FAM83D	0.8462
NCAPH	CENPA	0.8828
NCAPH	SPAG5	0.801
ESR1	C6orf97	0.866
PTTG1	MYBL2	0.7878
PTTG1	BUB1	0.7804
PTTG1	CDKN3	0.8538
PTTG1	TTK	0.7893
PTTG1	DEPDC1B	0.8261
PTTG1	EXO1	0.7718
PTTG1	FAM83D	0.7701
PTTG1	CENPA	0.8515
GINS1	MYBL2	0.793
GINS1	BUB1	0.7647
GINS1	TTK	0.7714
GINS1	ESPL1	0.7693
GINS1	EXO1	0.7774
GINS1	FAM83D	0.7932
GINS1	CENPA	0.7526
SFRP1	OSR1	0.7625
PIF1	CENPA	0.7847
MYBL2	BUB1	0.8034
MYBL2	CDKN3	0.7818
MYBL2	TTK	0.7777
MYBL2	ESPL1	0.8142
MYBL2	DEPDC1B	0.7861
MYBL2	EXO1	0.8124
MYBL2	EPR1	0.7527
MYBL2	FAM83D	0.8416
MYBL2	CENPA	0.8585
STARD3	PGAP3	0.8794
KRT5	DSC3	0.8675
BUB1	ASPM	0.8763
BUB1	CDKN3	0.7751
BUB1	TTK	0.8735
BUB1	ESPL1	0.8238
BUB1	DEPDC1B	0.8653
BUB1	EXO1	0.8517
BUB1	EPR1	0.7582
BUB1	FAM83D	0.8635
BUB1	CENPA	0.8763
BUB1	SPAG5	0.7714
ASPM	TTK	0.841
ASPM	ESPL1	0.8209
ASPM	DEPDC1B	0.8406
ASPM	EXO1	0.8673
ASPM	FAM83D	0.8352
ASPM	CENPA	0.8036
CDKN3	TTK	0.772
CDKN3	DEPDC1B	0.8018
CDKN3	EXO1	0.772
CDKN3	FAM83D	0.7893
CDKN3	CENPA	0.8141
ROPN1B	TTYH1	0.7551
TTK	ESPL1	0.753
TTK	DEPDC1B	0.8288
TTK	EXO1	0.8208
TTK	FAM83D	0.8145
TTK	CENPA	0.8503
ESPL1	DEPDC1B	0.8296
ESPL1	EXO1	0.8032
ESPL1	EPR1	0.7523
ESPL1	FAM83D	0.8093
ESPL1	CENPA	0.7887
ESPL1	SPAG5	0.7885
DEPDC1B	EXO1	0.8319
DEPDC1B	FAM83D	0.8372
DEPDC1B	CENPA	0.8344
DEPDC1B	SPAG5	0.759
EXO1	FAM83D	0.8475
EXO1	CENPA	0.8141
EPR1	FAM83D	0.7626
EPR1	CENPA	0.7584
FAM83D	CENPA	0.8489
CENPA	SPAG5	0.7531
