task	omics	feature	category_id	category
PAM50	CNV	TMEM167A	5	Other
PAM50	CNV	RASGRF2	1	Signaling/Transport
PAM50	CNV	MIR548P	5	Other
PAM50	CNV	FAM174A	5	Other
PAM50	CNV	IKZF3	5	Other
PAM50	CNV	MIEN1	5	Other
PAM50	CNV	MIR4728	5	Other
PAM50	CNV	PPP1R1B	5	Other
PAM50	CNV	PNMT	5	Other
PAM50	CNV	ZPBP2	5	Other
PAM50	CNV	CDK12	4	Cell cycle/Proliferation
PAM50	CNV	GZMK	5	Other
PAM50	CNV	ESM1	5	Other
PAM50	CNV	OR6C3	5	Other
PAM50	CNV	OR6C1	5	Other
PAM50	CNV	OR6C75	5	Other
PAM50	CNV	CD300LG	3	Immune/Inflammation
PAM50	CNV	TMEM198B	5	Other
PAM50	CNV	SLIT3	5	Other
PAM50	CNV	MEIS1	5	Other
PAM50	CNV	KPNB1	5	Other
PAM50	CNV	FOXA1	0	Development/Epithelium
PAM50	CNV	ACYP2	2	Hormone/Metabolism
PAM50	CNV	SNORA42|ENSG00000200385.1	5	Other
PAM50	CNV	SPTSSA	5	Other
PAM50	CNV	HIVEP3	5	Other
PAM50	CNV	EAPP	5	Other
PAM50	CNV	LBH	5	Other
PAM50	CNV	SNF8	5	Other
PAM50	CNV	FOSL2	5	Other
PAM50	CNV	KCNF1	5	Other
PAM50	CNV	EPHA10	5	Other
PAM50	CNV	PPAP2B	5	Other
PAM50	CNV	KCMF1	5	Other
PAM50	CNV	FAM208B	5	Other
PAM50	CNV	CLRN1	5	Other
PAM50	CNV	SELT	5	Other
PAM50	CNV	TM4SF1	5	Other
PAM50	CNV	LGR5	5	Other
PAM50	CNV	LINC00504	5	Other
PAM50	CNV	ZFPM1	5	Other
PAM50	CNV	CREBBP	5	Other
PAM50	CNV	BANP	5	Other
PAM50	CNV	MIR3686	5	Other
PAM50	CNV	PVT1	5	Other
PAM50	CNV	DEPTOR	5	Other
PAM50	CNV	ATP5D	5	Other
PAM50	CNV	RN7SKP206	5	Other
PAM50	CNV	COLEC10	0	Development/Epithelium
PAM50	CNV	SNORD33|ENSG00000252022.1	5	Other
PAM50	miRNA	MIMAT0000072	4	Cell cycle/Proliferation
PAM50	miRNA	MIMAT0004929	5	Other
PAM50	miRNA	MIMAT0000070	4	Cell cycle/Proliferation
PAM50	miRNA	MIMAT0000758	5	Other
PAM50	miRNA	MIMAT0002876	5	Other
PAM50	miRNA	MIMAT0004977	5	Other
PAM50	miRNA	MIMAT0004784	5	Other
PAM50	miRNA	MIMAT0004672	4	Cell cycle/Proliferation
PAM50	miRNA	MIMAT0002891	4	Cell cycle/Proliferation
PAM50	miRNA	MIMAT0019850	5	Other
PAM50	miRNA	MIMAT0003242	5	Other
PAM50	miRNA	MIMAT0003150	5	Other
PAM50	miRNA	MIMAT0004985	5	Other
PAM50	miRNA	MIMAT0000073	4	Cell cycle/Proliferation
PAM50	miRNA	MIMAT0004776	5	Other
PAM50	miRNA	MIMAT0004680	2	Hormone/Metabolism
PAM50	miRNA	MIMAT0000680	4	Cell cycle/Proliferation
PAM50	miRNA	MIMAT0000731	5	Other
PAM50	miRNA	MIMAT0000092	4	Cell cycle/Proliferation
PAM50	miRNA	MIMAT0005951	5	Other
PAM50	miRNA	MIMAT0000093	4	Cell cycle/Proliferation
PAM50	miRNA	MIMAT0003258	5	Other
PAM50	miRNA	MIMAT0000691	2	Hormone/Metabolism
PAM50	miRNA	MIMAT0000075	4	Cell cycle/Proliferation
PAM50	miRNA	MIMAT0000227	5	Other
PAM50	miRNA	MIMAT0004697	5	Other
PAM50	miRNA	MIMAT0003249	5	Other
PAM50	miRNA	MIMAT0022487	5	Other
PAM50	miRNA	MIMAT0002872	5	Other
PAM50	miRNA	MIMAT0000071	4	Cell cycle/Proliferation
PAM50	miRNA	MIMAT0004774	5	Other
PAM50	miRNA	MIMAT0015085	5	Other
PAM50	miRNA	MIMAT0022483	5	Other
PAM50	miRNA	MIMAT0004698	5	Other
PAM50	miRNA	MIMAT0002871	5	Other
PAM50	miRNA	MIMAT0000732	5	Other
PAM50	miRNA	MIMAT0005797	5	Other
PAM50	miRNA	MIMAT0001635	5	Other
PAM50	miRNA	MIMAT0002888	5	Other
PAM50	miRNA	MIMAT0004949	5	Other
PAM50	miRNA	MIMAT0022726	5	Other
PAM50	miRNA	MIMAT0004780	5	Other
PAM50	miRNA	MIMAT0004586	4	Cell cycle/Proliferation
PAM50	miRNA	MIMAT0004550	2	Hormone/Metabolism
PAM50	miRNA	MIMAT0003241	5	Other
PAM50	miRNA	MIMAT0004611	5	Other
PAM50	miRNA	MIMAT0019761	5	Other
PAM50	miRNA	MIMAT0004515	1	Signaling/Transport
PAM50	miRNA	MIMAT0004801	5	Other
PAM50	miRNA	MIMAT0000087	2	Hormone/Metabolism
PAM50	miRNA	MIMAT0018110	5	Other
PAM50	miRNA	MIMAT0000456	5	Other
PAM50	miRNA	MIMAT0004493	4	Cell cycle/Proliferation
PAM50	miRNA	MIMAT0000281	5	Other
PAM50	miRNA	MIMAT0016925	5	Other
PAM50	miRNA	MIMAT0018965	5	Other
PAM50	miRNA	MIMAT0028227	5	Other
PAM50	miRNA	MIMAT0019880	5	Other
PAM50	miRNA	MIMAT0000279	4	Cell cycle/Proliferation
PAM50	miRNA	MIMAT0004773	5	Other
PAM50	miRNA	MIMAT0004491	4	Cell cycle/Proliferation
PAM50	miRNA	MIMAT0001636	5	Other
PAM50	miRNA	MIMAT0000728	5	Other
PAM50	miRNA	MIMAT0000088	2	Hormone/Metabolism
PAM50	miRNA	MIMAT0006789	5	Other
PAM50	miRNA	MIMAT0005950	5	Other
PAM50	miRNA	MIMAT0000772	5	Other
PAM50	miRNA	MIMAT0004958	5	Other
PAM50	miRNA	MIMAT0000254	1	Signaling/Transport
PAM50	miRNA	MIMAT0000457	5	Other
PAM50	miRNA	MIMAT0004509	4	Cell cycle/Proliferation
PAM50	miRNA	MIMAT0004484	0	Development/Epithelium
PAM50	miRNA	MIMAT0000253	1	Signaling/Transport
PAM50	miRNA	MIMAT0005452	5	Other
PAM50	miRNA	MIMAT0001541	4	Cell cycle/Proliferation
PAM50	miRNA	MIMAT0004613	5	Other
PAM50	miRNA	MIMAT0003880	5	Other
PAM50	miRNA	MIMAT0004980	5	Other
PAM50	miRNA	MIMAT0000081	4	Cell cycle/Proliferation
PAM50	miRNA	MIMAT0000080	5	Other
PAM50	miRNA	MIMAT0004775	5	Other
PAM50	miRNA	MIMAT0000065	0	Development/Epithelium
PAM50	miRNA	MIMAT0004673	1	Signaling/Transport
PAM50	miRNA	MIMAT0000762	5	Other
PAM50	miRNA	MIMAT0004694	5	Other
PAM50	miRNA	MIMAT0018101	5	Other
PAM50	miRNA	MIMAT0000267	5	Other
PAM50	miRNA	MIMAT0004569	4	Cell cycle/Proliferation
PAM50	miRNA	MIMAT0000449	3	Immune/Inflammation
PAM50	miRNA	MIMAT0003256	5	Other
PAM50	miRNA	MIMAT0000074	4	Cell cycle/Proliferation
PAM50	miRNA	MIMAT0003338	5	Other
PAM50	miRNA	MIMAT0000705	5	Other
PAM50	miRNA	MIMAT0000099	1	Signaling/Transport
PAM50	miRNA	MIMAT0019957	5	Other
PAM50	miRNA	MIMAT0000442	5	Other
PAM50	miRNA	MIMAT0000441	5	Other
PAM50	miRNA	MIMAT0019918	5	Other
PAM50	miRNA	MIMAT0022727	5	Other
PAM50	miRNA	MIMAT0003888	5	Other
PAM50	miRNA	MIMAT0015045	5	Other
PAM50	miRNA	MIMAT0000096	5	Other
PAM50	miRNA	MIMAT0000688	5	Other
PAM50	miRNA	MIMAT0022696	5	Other
PAM50	miRNA	MIMAT0004503	1	Signaling/Transport
PAM50	miRNA	MIMAT0000693	2	Hormone/Metabolism
PAM50	miRNA	MIMAT0004549	2	Hormone/Metabolism
PAM50	miRNA	MIMAT0016847	5	Other
PAM50	miRNA	MIMAT0004945	5	Other
PAM50	miRNA	MIMAT0000750	5	Other
PAM50	miRNA	MIMAT0019849	5	Other
PAM50	miRNA	MIMAT0004584	0	Development/Epithelium
PAM50	miRNA	MIMAT0000424	5	Other
PAM50	miRNA	MIMAT0004703	5	Other
PAM50	miRNA	MIMAT0004797	5	Other
PAM50	miRNA	MIMAT0028122	5	Other
PAM50	miRNA	MIMAT0000091	2	Hormone/Metabolism
PAM50	miRNA	MIMAT0004518	4	Cell cycle/Proliferation
PAM50	miRNA	MIMAT0004556	1	Signaling/Transport
PAM50	miRNA	MIMAT0004658	3	Immune/Inflammation
PAM50	miRNA	MIMAT0000262	5	Other
PAM50	miRNA	MIMAT0000692	2	Hormone/Metabolism
PAM50	miRNA	MIMAT0000103	4	Cell cycle/Proliferation
PAM50	miRNA	MIMAT0004800	5	Other
PAM50	miRNA	MIMAT0000098	1	Signaling/Transport
PAM50	miRNA	MIMAT0000455	5	Other
PAM50	miRNA	MIMAT0009198	5	Other
PAM50	miRNA	MIMAT0026616	5	Other
PAM50	miRNA	MIMAT0004946	5	Other
PAM50	miRNA	MIMAT0019208	5	Other
PAM50	miRNA	MIMAT0011159	5	Other
PAM50	miRNA	MIMAT0000078	5	Other
PAM50	miRNA	MIMAT0000681	1	Signaling/Transport
PAM50	miRNA	MIMAT0003339	5	Other
PAM50	miRNA	MIMAT0000733	5	Other
PAM50	miRNA	MIMAT0003254	5	Other
PAM50	miRNA	MIMAT0022842	5	Other
PAM50	miRNA	MIMAT0004921	5	Other
PAM50	miRNA	MIMAT0027467	5	Other
PAM50	miRNA	MIMAT0000415	0	Development/Epithelium
PAM50	miRNA	MIMAT0025848	5	Other
PAM50	miRNA	MIMAT0000064	0	Development/Epithelium
PAM50	miRNA	MIMAT0003284	5	Other
PAM50	miRNA	MIMAT0002809	3	Immune/Inflammation
PAM50	miRNA	MIMAT0000102	5	Other
PAM50	miRNA	MIMAT0019900	5	Other
PAM50	miRNA	MIMAT0000450	5	Other
PAM50	miRNA	MIMAT0000761	5	Other
PAM50	miRNA	MIMAT0018205	5	Other
PAM50	miRNA	MIMAT0005796	5	Other
PAM50	miRNA	MIMAT0000737	5	Other
PAM50	miRNA	MIMAT0000244	2	Hormone/Metabolism
PAM50	miRNA	MIMAT0022975	5	Other
PAM50	miRNA	MIMAT0004504	5	Other
PAM50	miRNA	MIMAT0000757	5	Other
PAM50	miRNA	MIMAT0003323	5	Other
PAM50	miRNA	MIMAT0004513	1	Signaling/Transport
PAM50	miRNA	MIMAT0000278	4	Cell cycle/Proliferation
PAM50	miRNA	MIMAT0000432	0	Development/Epithelium
PAM50	miRNA	MIMAT0004678	1	Signaling/Transport
PAM50	miRNA	MIMAT0000759	2	Hormone/Metabolism
PAM50	miRNA	MIMAT0002814	5	Other
PAM50	miRNA	MIMAT0004585	0	Development/Epithelium
PAM50	miRNA	MIMAT0004770	5	Other
PAM50	miRNA	MIMAT0004766	3	Immune/Inflammation
PAM50	miRNA	MIMAT0004982	5	Other
PAM50	miRNA	MIMAT0003885	5	Other
PAM50	miRNA	MIMAT0011161	5	Other
PAM50	miRNA	MIMAT0005933	5	Other
PAM50	miRNA	MIMAT0027032	5	Other
PAM50	miRNA	MIMAT0004799	5	Other
PAM50	miRNA	MIMAT0000069	4	Cell cycle/Proliferation
PAM50	miRNA	MIMAT0000430	5	Other
PAM50	miRNA	MIMAT0001340	5	Other
PAM50	miRNA	MIMAT0000753	5	Other
PAM50	miRNA	MIMAT0018194	5	Other
PAM50	miRNA	MIMAT0025477	5	Other
PAM50	miRNA	MIMAT0000085	5	Other
PAM50	miRNA	MIMAT0000446	5	Other
PAM50	miRNA	MIMAT0016888	5	Other
PAM50	miRNA	MIMAT0000257	3	Immune/Inflammation
PAM50	miRNA	MIMAT0019221	5	Other
PAM50	miRNA	MIMAT0030021	5	Other
PAM50	miRNA	MIMAT0000752	5	Other
PAM50	miRNA	MIMAT0019814	0	Development/Epithelium
PAM50	miRNA	MIMAT0019739	5	Other
PAM50	miRNA	MIMAT0004507	4	Cell cycle/Proliferation
PAM50	miRNA	MIMAT0004609	5	Other
PAM50	miRNA	MIMAT0017950	5	Other
PAM50	miRNA	MIMAT0000646	3	Immune/Inflammation
PAM50	miRNA	MIMAT0022720	5	Other
PAM50	miRNA	MIMAT0000258	3	Immune/Inflammation
PAM50	miRNA	MIMAT0000231	0	Development/Epithelium
PAM50	miRNA	MIMAT0003214	5	Other
PAM50	miRNA	MIMAT0004497	5	Other
PAM50	miRNA	MIMAT0019037	5	Other
PAM50	miRNA	MIMAT0021030	5	Other
PAM50	miRNA	MIMAT0017352	5	Other
PAM50	miRNA	MIMAT0000755	5	Other
PAM50	miRNA	MIMAT0000454	5	Other
PAM50	miRNA	MIMAT0000686	4	Cell cycle/Proliferation
PAM50	miRNA	MIMAT0000264	0	Development/Epithelium
PAM50	miRNA	MIMAT0005920	5	Other
PAM50	miRNA	MIMAT0014987	5	Other
PAM50	miRNA	MIMAT0003887	5	Other
PAM50	miRNA	MIMAT0000434	3	Immune/Inflammation
PAM50	miRNA	MIMAT0003884	5	Other
PAM50	miRNA	MIMAT0005577	5	Other
PAM50	miRNA	MIMAT0005924	5	Other
PAM50	miRNA	MIMAT0002873	5	Other
PAM50	miRNA	MIMAT0004494	3	Immune/Inflammation
PAM50	miRNA	MIMAT0004514	1	Signaling/Transport
PAM50	miRNA	MIMAT0003301	2	Hormone/Metabolism
PAM50	miRNA	MIMAT0004502	5	Other
PAM50	miRNA	MIMAT0000425	2	Hormone/Metabolism
PAM50	miRNA	MIMAT0000243	2	Hormone/Metabolism
PAM50	miRNA	MIMAT0003257	5	Other
PAM50	miRNA	MIMAT0003886	5	Other
PAM50	miRNA	MIMAT0000617	0	Development/Epithelium
PAM50	miRNA	MIMAT0001536	0	Development/Epithelium
PAM50	miRNA	MIMAT0005794	5	Other
PAM50	miRNA	MIMAT0002821	3	Immune/Inflammation
PAM50	miRNA	MIMAT0003296	5	Other
PAM50	miRNA	MIMAT0026483	5	Other
PAM50	miRNA	MIMAT0003321	5	Other
PAM50	miRNA	MIMAT0004693	5	Other
PAM50	miRNA	MIMAT0019738	5	Other
PAM50	miRNA	MIMAT0004683	5	Other
PAM50	miRNA	MIMAT0019729	5	Other
PAM50	miRNA	MIMAT0004495	5	Other
PAM50	miRNA	MIMAT0026475	5	Other
PAM50	miRNA	MIMAT0004551	2	Hormone/Metabolism
PAM50	miRNA	MIMAT0002881	5	Other
PAM50	miRNA	MIMAT0004559	3	Immune/Inflammation
PAM50	miRNA	MIMAT0004805	5	Other
PAM50	miRNA	MIMAT0000094	5	Other
PAM50	miRNA	MIMAT0004950	5	Other
PAM50	miRNA	MIMAT0004558	3	Immune/Inflammation
PAM50	miRNA	MIMAT0018349	5	Other
PAM50	miRNA	MIMAT0018073	5	Other
PAM50	miRNA	MIMAT0000428	5	Other
PAM50	miRNA	MIMAT0003247	5	Other
PAM50	miRNA	MIMAT0004682	5	Other
PAM50	miRNA	MIMAT0000089	5	Other
PAM50	miRNA	MIMAT0022491	5	Other
PAM50	miRNA	MIMAT0002820	4	Cell cycle/Proliferation
PAM50	miRNA	MIMAT0002875	5	Other
PAM50	miRNA	MIMAT0018086	5	Other
PAM50	miRNA	MIMAT0003298	5	Other
PAM50	miRNA	MIMAT0000417	4	Cell cycle/Proliferation
PAM50	miRNA	MIMAT0001343	5	Other
PAM50	miRNA	MIMAT0004603	1	Signaling/Transport
PAM50	miRNA	MIMAT0000431	5	Other
PAM50	miRNA	MIMAT0022929	5	Other
PAM50	miRNA	MIMAT0022492	5	Other
PAM50	miRNA	MIMAT0015003	5	Other
PAM50	miRNA	MIMAT0019939	5	Other
PAM50	miRNA	MIMAT0003879	5	Other
PAM50	miRNA	MIMAT0000097	1	Signaling/Transport
PAM50	miRNA	MIMAT0000084	2	Hormone/Metabolism
PAM50	miRNA	MIMAT0027541	5	Other
PAM50	miRNA	MIMAT0004810	5	Other
PAM50	miRNA	MIMAT0004957	5	Other
PAM50	miRNA	MIMAT0001412	4	Cell cycle/Proliferation
PAM50	miRNA	MIMAT0018115	5	Other
PAM50	miRNA	MIMAT0004615	4	Cell cycle/Proliferation
PAM50	miRNA	MIMAT0002813	5	Other
PAM50	miRNA	MIMAT0019737	5	Other
PAM50	miRNA	MIMAT0004688	5	Other
PAM50	miRNA	MIMAT0005878	5	Other
PAM50	miRNA	MIMAT0004589	2	Hormone/Metabolism
PAM50	miRNA	MIMAT0004983	5	Other
PAM50	miRNA	MIMAT0000433	3	Immune/Inflammation
PAM50	miRNA	MIMAT0023712	5	Other
PAM50	miRNA	MIMAT0019746	5	Other
PAM50	miRNA	MIMAT0000222	2	Hormone/Metabolism
PAM50	miRNA	MIMAT0017990	5	Other
PAM50	miRNA	MIMAT0004757	5	Other
PAM50	miRNA	MIMAT0000077	5	Other
PAM50	miRNA	MIMAT0006764	5	Other
PAM50	miRNA	MIMAT0004674	2	Hormone/Metabolism
PAM50	miRNA	MIMAT0005825	5	Other
PAM50	miRNA	MIMAT0005923	5	Other
PAM50	miRNA	MIMAT0019927	5	Other
PAM50	miRNA	MIMAT0004485	0	Development/Epithelium
PAM50	miRNA	MIMAT0000280	3	Immune/Inflammation
PAM50	miRNA	MIMAT0000760	5	Other
PAM50	miRNA	MIMAT0027357	5	Other
PAM50	miRNA	MIMAT0018197	5	Other
PAM50	miRNA	MIMAT0002176	5	Other
PAM50	miRNA	MIMAT0000245	2	Hormone/Metabolism
PAM50	miRNA	MIMAT0004819	5	Other
PAM50	miRNA	MIMAT0002808	5	Other
PAM50	miRNA	MIMAT0004785	5	Other
PAM50	miRNA	MIMAT0009196	2	Hormone/Metabolism
PAM50	miRNA	MIMAT0016895	5	Other
PAM50	miRNA	MIMAT0003283	5	Other
PAM50	miRNA	MIMAT0027497	5	Other
PAM50	miRNA	MIMAT0001413	4	Cell cycle/Proliferation
PAM50	miRNA	MIMAT0004947	5	Other
PAM50	miRNA	MIMAT0004489	4	Cell cycle/Proliferation
PAM50	miRNA	MIMAT0025450	5	Other
PAM50	miRNA	MIMAT0019776	5	Other
PAM50	miRNA	MIMAT0004571	0	Development/Epithelium
PAM50	miRNA	MIMAT0017987	5	Other
PAM50	miRNA	MIMAT0026734	5	Other
PAM50	miRNA	MIMAT0027608	5	Other
PAM50	miRNA	MIMAT0004481	0	Development/Epithelium
PAM50	miRNA	MIMAT0002868	5	Other
PAM50	miRNA	MIMAT0004599	1	Signaling/Transport
PAM50	miRNA	MIMAT0000265	1	Signaling/Transport
PAM50	miRNA	MIMAT0000447	5	Other
PAM50	miRNA	MIMAT0003327	4	Cell cycle/Proliferation
PAM50	miRNA	MIMAT0001625	5	Other
PAM50	miRNA	MIMAT0002869	5	Other
PAM50	miRNA	MIMAT0004570	3	Immune/Inflammation
PAM50	miRNA	MIMAT0003882	5	Other
PAM50	miRNA	MIMAT0011158	5	Other
PAM50	miRNA	MIMAT0025474	5	Other
PAM50	miRNA	MIMAT0000689	1	Signaling/Transport
PAM50	miRNA	MIMAT0004496	5	Other
PAM50	miRNA	MIMAT0004512	1	Signaling/Transport
PAM50	miRNA	MIMAT0000063	0	Development/Epithelium
PAM50	miRNA	MIMAT0018107	5	Other
PAM50	miRNA	MIMAT0015069	5	Other
PAM50	miRNA	MIMAT0000721	5	Other
PAM50	miRNA	MIMAT0003260	5	Other
PAM50	miRNA	MIMAT0019873	5	Other
PAM50	miRNA	MIMAT0014995	5	Other
PAM50	miRNA	MIMAT0010133	5	Other
PAM50	miRNA	MIMAT0001618	1	Signaling/Transport
PAM50	miRNA	MIMAT0001639	5	Other
PAM50	miRNA	MIMAT0004951	5	Other
PAM50	miRNA	MIMAT0004811	2	Hormone/Metabolism
PAM50	miRNA	MIMAT0000722	5	Other
PAM50	miRNA	MIMAT0000727	5	Other
PAM50	miRNA	MIMAT0003239	5	Other
PAM50	miRNA	MIMAT0002810	5	Other
PAM50	miRNA	MIMAT0005905	5	Other
PAM50	miRNA	MIMAT0000453	5	Other
PAM50	miRNA	MIMAT0000252	5	Other
PAM50	miRNA	MIMAT0000274	5	Other
PAM50	miRNA	MIMAT0030017	5	Other
PAM50	miRNA	MIMAT0000086	1	Signaling/Transport
PAM50	miRNA	MIMAT0027577	5	Other
PAM50	miRNA	MIMAT0022710	5	Other
PAM50	miRNA	MIMAT0000242	5	Other
PAM50	miRNA	MIMAT0026738	5	Other
PAM50	miRNA	MIMAT0003329	5	Other
PAM50	miRNA	MIMAT0027587	5	Other
PAM50	miRNA	MIMAT0003306	5	Other
PAM50	miRNA	MIMAT0018961	5	Other
PAM50	miRNA	MIMAT0022692	3	Immune/Inflammation
PAM50	miRNA	MIMAT0004699	2	Hormone/Metabolism
PAM50	miRNA	MIMAT0018962	5	Other
PAM50	miRNA	MIMAT0004700	5	Other
PAM50	miRNA	MIMAT0019201	5	Other
PAM50	miRNA	MIMAT0018102	5	Other
PAM50	miRNA	MIMAT0002819	1	Signaling/Transport
PAM50	miRNA	MIMAT0000269	1	Signaling/Transport
PAM50	miRNA	MIMAT0000461	4	Cell cycle/Proliferation
PAM50	miRNA	MIMAT0000261	0	Development/Epithelium
PAM50	miRNA	MIMAT0004567	5	Other
PAM50	miRNA	MIMAT0004487	0	Development/Epithelium
PAM50	miRNA	MIMAT0021017	5	Other
PAM50	miRNA	MIMAT0004956	5	Other
PAM50	miRNA	MIMAT0018068	5	Other
PAM50	miRNA	MIMAT0004702	5	Other
PAM50	miRNA	MIMAT0027565	5	Other
PAM50	miRNA	MIMAT0026557	5	Other
PAM50	miRNA	MIMAT0028222	5	Other
PAM50	miRNA	MIMAT0004602	1	Signaling/Transport
PAM50	miRNA	MIMAT0019696	5	Other
PAM50	miRNA	MIMAT0022292	5	Other
PAM50	miRNA	MIMAT0000736	5	Other
PAM50	miRNA	MIMAT0017982	5	Other
PAM50	miRNA	MIMAT0027650	5	Other
PAM50	miRNA	MIMAT0017994	5	Other
PAM50	miRNA	MIMAT0019229	5	Other
PAM50	miRNA	MIMAT0004555	1	Signaling/Transport
PAM50	miRNA	MIMAT0003245	5	Other
PAM50	miRNA	MIMAT0004560	0	Development/Epithelium
PAM50	miRNA	MIMAT0004597	5	Other
PAM50	miRNA	MIMAT0004506	2	Hormone/Metabolism
PAM50	miRNA	MIMAT0021026	5	Other
PAM50	miRNA	MIMAT0001629	5	Other
PAM50	miRNA	MIMAT0010251	4	Cell cycle/Proliferation
PAM50	miRNA	MIMAT0018004	5	Other
PAM50	miRNA	MIMAT0000318	0	Development/Epithelium
PAM50	miRNA	MIMAT0005793	5	Other
PAM50	miRNA	MIMAT0002817	5	Other
PAM50	miRNA	MIMAT0000414	0	Development/Epithelium
PAM50	miRNA	MIMAT0000754	5	Other
PAM50	miRNA	MIMAT0019841	5	Other
PAM50	miRNA	MIMAT0027517	5	Other
PAM50	miRNA	MIMAT0026477	5	Other
PAM50	miRNA	MIMAT0005792	5	Other
PAM50	miRNA	MIMAT0000703	5	Other
PAM50	miRNA	MIMAT0004505	5	Other
PAM50	miRNA	MIMAT0005919	5	Other
PAM50	miRNA	MIMAT0019760	5	Other
PAM50	miRNA	MIMAT0019731	5	Other
PAM50	miRNA	MIMAT0005875	5	Other
PAM50	miRNA	MIMAT0004809	5	Other
PAM50	miRNA	MIMAT0018083	5	Other
PAM50	miRNA	MIMAT0000076	3	Immune/Inflammation
PAM50	miRNA	MIMAT0019823	5	Other
PAM50	miRNA	MIMAT0025451	5	Other
PAM50	miRNA	MIMAT0027589	5	Other
PAM50	miRNA	MIMAT0009451	5	Other
PAM50	miRNA	MIMAT0000062	0	Development/Epithelium
PAM50	miRNA	MIMAT0027486	5	Other
PAM50	miRNA	MIMAT0002174	5	Other
PAM50	miRNA	MIMAT0026720	5	Other
PAM50	miRNA	MIMAT0002171	5	Other
PAM50	miRNA	MIMAT0019954	5	Other
PAM50	miRNA	MIMAT0005903	5	Other
PAM50	miRNA	MIMAT0019822	5	Other
PAM50	miRNA	MIMAT0017992	5	Other
PAM50	miRNA	MIMAT0000082	3	Immune/Inflammation
PAM50	miRNA	MIMAT0003309	5	Other
PAM50	miRNA	MIMAT0018356	5	Other
PAM50	miRNA	MIMAT0004978	5	Other
PAM50	miRNA	MIMAT0001080	5	Other
PAM50	miRNA	MIMAT0021044	5	Other
PAM50	miRNA	MIMAT0000419	2	Hormone/Metabolism
PAM50	miRNA	MIMAT0005930	5	Other
PAM50	miRNA	MIMAT0027604	5	Other
PAM50	miRNA	MIMAT0005584	5	Other
PAM50	miRNA	MIMAT0022708	5	Other
PAM50	miRNA	MIMAT0002818	5	Other
PAM50	miRNA	MIMAT0019219	5	Other
PAM50	miRNA	MIMAT0003235	5	Other
PAM50	miRNA	MIMAT0004588	2	Hormone/Metabolism
PAM50	miRNA	MIMAT0005892	5	Other
PAM50	miRNA	MIMAT0004657	0	Development/Epithelium
PAM50	miRNA	MIMAT0010195	0	Development/Epithelium
PAM50	miRNA	MIMAT0003161	5	Other
PAM50	miRNA	MIMAT0004808	5	Other
PAM50	miRNA	MIMAT0000068	4	Cell cycle/Proliferation
PAM50	miRNA	MIMAT0030020	5	Other
PAM50	miRNA	MIMAT0018204	5	Other
PAM50	miRNA	MIMAT0000255	4	Cell cycle/Proliferation
PAM50	miRNA	MIMAT0004593	2	Hormone/Metabolism
PAM50	miRNA	MIMAT0003266	5	Other
PAM50	miRNA	MIMAT0018360	5	Other
PAM50	miRNA	MIMAT0018191	5	Other
PAM50	miRNA	MIMAT0000420	2	Hormone/Metabolism
PAM50	miRNA	MIMAT0007889	5	Other
PAM50	miRNA	MIMAT0001627	5	Other
PAM50	miRNA	MIMAT0004768	4	Cell cycle/Proliferation
PAM50	miRNA	MIMAT0005895	5	Other
PAM50	miRNA	MIMAT0003294	5	Other
PAM50	miRNA	MIMAT0019807	5	Other
PAM50	miRNA	MIMAT0004486	0	Development/Epithelium
PAM50	miRNA	MIMAT0018071	5	Other
PAM50	miRNA	MIMAT0022488	5	Other
PAM50	miRNA	MIMAT0021020	5	Other
PAM50	miRNA	MIMAT0004552	5	Other
PAM50	miRNA	MIMAT0004562	5	Other
PAM50	miRNA	MIMAT0019973	5	Other
PAM50	miRNA	MIMAT0005901	5	Other
PAM50	miRNA	MIMAT0026472	0	Development/Epithelium
PAM50	miRNA	MIMAT0022698	5	Other
PAM50	miRNA	MIMAT0005900	5	Other
PAM50	miRNA	MIMAT0019756	5	Other
PAM50	miRNA	MIMAT0019220	5	Other
PAM50	miRNA	MIMAT0004614	1	Signaling/Transport
PAM50	miRNA	MIMAT0000458	5	Other
PAM50	miRNA	MIMAT0004608	3	Immune/Inflammation
PAM50	miRNA	MIMAT0000510	5	Other
PAM50	miRNA	MIMAT0000270	3	Immune/Inflammation
PAM50	miRNA	MIMAT0027368	5	Other
PAM50	miRNA	MIMAT0015078	5	Other
PAM50	miRNA	MIMAT0025458	5	Other
PAM50	miRNA	MIMAT0000263	0	Development/Epithelium
PAM50	miRNA	MIMAT0022833	5	Other
PAM50	miRNA	MIMAT0018201	5	Other
PAM50	miRNA	MIMAT0014990	5	Other
PAM50	miRNA	MIMAT0004511	1	Signaling/Transport
PAM50	miRNA	MIMAT0019058	5	Other
PAM50	miRNA	MIMAT0009203	4	Cell cycle/Proliferation
PAM50	miRNA	MIMAT0015084	5	Other
PAM50	miRNA	MIMAT0022925	4	Cell cycle/Proliferation
PAM50	miRNA	MIMAT0004814	5	Other
PAM50	miRNA	MIMAT0019812	5	Other
PAM50	miRNA	MIMAT0015050	5	Other
PAM50	miRNA	MIMAT0022502	5	Other
PAM50	miRNA	MIMAT0019757	5	Other
PAM50	miRNA	MIMAT0003312	5	Other
PAM50	miRNA	MIMAT0000423	1	Signaling/Transport
PAM50	miRNA	MIMAT0004793	5	Other
PAM50	miRNA	MIMAT0000751	5	Other
PAM50	miRNA	MIMAT0000756	5	Other
PAM50	miRNA	MIMAT0005948	5	Other
PAM50	miRNA	MIMAT0015066	5	Other
PAM50	miRNA	MIMAT0027529	5	Other
PAM50	miRNA	MIMAT0004561	5	Other
PAM50	miRNA	MIMAT0004955	5	Other
PAM50	miRNA	MIMAT0003331	5	Other
PAM50	miRNA	MIMAT0004928	5	Other
PAM50	miRNA	MIMAT0000440	1	Signaling/Transport
PAM50	miRNA	MIMAT0004987	5	Other
PAM50	miRNA	MIMAT0003393	5	Other
PAM50	miRNA	MIMAT0019233	5	Other
PAM50	miRNA	MIMAT0022721	5	Other
PAM50	miRNA	MIMAT0002175	5	Other
PAM50	miRNA	MIMAT0000764	5	Other
PAM50	miRNA	MIMAT0003322	5	Other
PAM50	miRNA	MIMAT0004954	5	Other
PAM50	miRNA	MIMAT0004692	5	Other
PAM50	miRNA	MIMAT0004902	5	Other
PAM50	miRNA	MIMAT0000416	5	Other
PAM50	miRNA	MIMAT0000439	5	Other
PAM50	miRNA	MIMAT0003945	5	Other
PAM50	miRNA	MIMAT0000090	5	Other
PAM50	miRNA	MIMAT0018968	5	Other
PAM50	miRNA	MIMAT0019000	5	Other
PAM50	miRNA	MIMAT0015020	5	Other
PAM50	miRNA	MIMAT0019209	5	Other
PAM50	miRNA	MIMAT0021117	5	Other
PAM50	miRNA	MIMAT0025841	5	Other
PAM50	miRNA	MIMAT0022834	5	Other
PAM50	miRNA	MIMAT0000276	5	Other
PAM50	miRNA	MIMAT0025849	5	Other
PAM50	miRNA	MIMAT0000459	1	Signaling/Transport
PAM50	miRNA	MIMAT0004911	5	Other
PAM50	miRNA	MIMAT0021021	5	Other
PAM50	miRNA	MIMAT0004498	4	Cell cycle/Proliferation
PAM50	miRNA	MIMAT0026480	5	Other
PAM50	miRNA	MIMAT0018993	5	Other
PAM50	miRNA	MIMAT0000104	2	Hormone/Metabolism
PAM50	miRNA	MIMAT0003180	5	Other
PAM50	miRNA	MIMAT0025851	5	Other
PAM50	miRNA	MIMAT0019214	5	Other
PAM50	miRNA	MIMAT0000462	5	Other
PAM50	miRNA	MIMAT0004612	5	Other
PAM50	miRNA	MIMAT0022276	5	Other
PAM50	miRNA	MIMAT0005943	5	Other
PAM50	miRNA	MIMAT0027531	5	Other
PAM50	miRNA	MIMAT0027454	5	Other
PAM50	miRNA	MIMAT0000275	5	Other
PAM50	miRNA	MIMAT0015073	5	Other
PAM50	miRNA	MIMAT0011775	5	Other
PAM50	miRNA	MIMAT0004752	4	Cell cycle/Proliferation
PAM50	miRNA	MIMAT0000429	5	Other
PAM50	miRNA	MIMAT0005799	5	Other
PAM50	miRNA	MIMAT0004607	5	Other
PAM50	miRNA	MIMAT0000682	0	Development/Epithelium
PAM50	miRNA	MIMAT0019963	5	Other
PAM50	miRNA	MIMAT0017993	5	Other
PAM50	miRNA	MIMAT0018183	5	Other
PAM50	miRNA	MIMAT0001621	5	Other
PAM50	miRNA	MIMAT0019926	5	Other
PAM50	miRNA	MIMAT0000418	5	Other
PAM50	miRNA	MIMAT0004482	0	Development/Epithelium
PAM50	miRNA	MIMAT0009199	5	Other
PAM50	miRNA	MIMAT0027428	5	Other
PAM50	miRNA	MIMAT0000272	5	Other
PAM50	miRNA	MIMAT0000720	5	Other
PAM50	miRNA	MIMAT0000443	1	Signaling/Transport
PAM50	miRNA	MIMAT0027495	5	Other
PAM50	miRNA	MIMAT0020925	5	Other
PAM50	miRNA	MIMAT0031177	5	Other
PAM50	miRNA	MIMAT0026639	5	Other
PAM50	miRNA	MIMAT0026612	5	Other
PAM50	miRNA	MIMAT0004761	5	Other
PAM50	miRNA	MIMAT0000710	5	Other
PAM50	miRNA	MIMAT0004765	5	Other
PAM50	miRNA	MIMAT0025484	5	Other
PAM50	miRNA	MIMAT0004792	4	Cell cycle/Proliferation
PAM50	miRNA	MIMAT0004565	5	Other
PAM50	miRNA	MIMAT0004510	0	Development/Epithelium
PAM50	miRNA	MIMAT0005580	5	Other
PAM50	miRNA	MIMAT0005458	5	Other
PAM50	miRNA	MIMAT0015009	5	Other
PAM50	miRNA	MIMAT0027649	5	Other
PAM50	miRNA	MIMAT0026625	5	Other
PAM50	miRNA	MIMAT0004501	2	Hormone/Metabolism
PAM50	miRNA	MIMAT0005909	5	Other
PAM50	miRNA	MIMAT0019904	5	Other
PAM50	miRNA	MIMAT0003326	5	Other
PAM50	miRNA	MIMAT0000729	5	Other
PAM50	miRNA	MIMAT0010214	5	Other
PAM50	miRNA	MIMAT0002827	5	Other
PAM50	miRNA	MIMAT0000266	0	Development/Epithelium
PAM50	miRNA	MIMAT0004677	4	Cell cycle/Proliferation
PAM50	miRNA	MIMAT0004748	5	Other
PAM50	miRNA	MIMAT0004606	5	Other
PAM50	miRNA	MIMAT0018358	5	Other
PAM50	miRNA	MIMAT0004689	5	Other
PAM50	miRNA	MIMAT0000256	3	Immune/Inflammation
PAM50	miRNA	MIMAT0002862	5	Other
PAM50	miRNA	MIMAT0021018	5	Other
PAM50	miRNA	MIMAT0011777	5	Other
PAM50	miRNA	MIMAT0019955	5	Other
PAM50	miRNA	MIMAT0022711	5	Other
PAM50	miRNA	MIMAT0027622	5	Other
PAM50	miRNA	MIMAT0027682	5	Other
PAM50	miRNA	MIMAT0027410	5	Other
Survival	CNV	FUT10	5	Other
Survival	CNV	PEBP4	5	Other
Survival	CNV	RNA5SP262	5	Other
Survival	CNV	UBXN8	5	Other
Survival	CNV	RNA5SP261	5	Other
Survival	CNV	MTUS1	5	Other
Survival	CNV	LINC00959	5	Other
Survival	CNV	MIR1208	5	Other
Survival	CNV	EBF3	5	Other
Survival	CNV	RNA5SP316	5	Other
Survival	CNV	AGAP8	5	Other
Survival	CNV	MSMB	5	Other
Survival	CNV	AGAP7	5	Other
Survival	CNV	SNORA74|ENSG00000223182.1	5	Other
Survival	CNV	FAM25D	5	Other
Survival	CNV	FAM21D	5	Other
Survival	CNV	TIMM23B	5	Other
Survival	CNV	UNC5D	5	Other
Survival	CNV	ZNF644	5	Other
Survival	CNV	SNORA40|ENSG00000210825.1	5	Other
Survival	CNV	SNORD6	5	Other
Survival	CNV	SNORA18|ENSG00000207145.1	5	Other
Survival	CNV	MIR1304	5	Other
Survival	CNV	SNORA8|ENSG00000207304.1	5	Other
Survival	CNV	SNORA32|ENSG00000206799.1	5	Other
Survival	CNV	SCARNA9	2	Hormone/Metabolism
Survival	CNV	SNORA25|ENSG00000207112.1	5	Other
Survival	CNV	RNA5SP452	5	Other
Survival	CNV	SNORD126	5	Other
Survival	CNV	CCNB1IP1	4	Cell cycle/Proliferation
Survival	CNV	HRH4	5	Other
Survival	CNV	MIR320C2	5	Other
Survival	CNV	IMPACT	5	Other
Survival	CNV	OR11H4	5	Other
Survival	CNV	TTC5	5	Other
Survival	CNV	ANKRD30B	5	Other
Survival	CNV	RN7SL662P	5	Other
Survival	CNV	ROCK1	5	Other
Survival	CNV	snoU13|ENSG00000238666.1	5	Other
Survival	CNV	NPS	5	Other
Survival	CNV	MCPH1	5	Other
Survival	CNV	KRR1	5	Other
Survival	CNV	GLIPR1	5	Other
Survival	CNV	RN7SL362P	5	Other
Survival	CNV	SNORD112|ENSG00000252728.1	5	Other
Survival	CNV	ZMYM6NB	5	Other
Survival	CNV	ZMYM6	5	Other
Survival	CNV	CYR61	5	Other
Survival	CNV	PRKCH	1	Signaling/Transport
Survival	CNV	SNORA2|ENSG00000199959.1	5	Other
Survival	CNV	SLC38A6	1	Signaling/Transport
Survival	CNV	TENM3	5	Other
Survival	CNV	KCNC2	5	Other
Survival	CNV	RNA5SP175	5	Other
Survival	CNV	DUX4L4	5	Other
Survival	CNV	ZFP42	5	Other
Survival	CNV	FRG2	5	Other
Survival	CNV	HSP90AA4P	5	Other
Survival	CNV	RNA5SP174	5	Other
Survival	CNV	FRG1	5	Other
Survival	CNV	TRIML1	5	Other
Survival	CNV	DUX4L7	5	Other
Survival	CNV	DUX4L2	5	Other
Survival	CNV	DUX4L3	5	Other
Survival	CNV	DUX4L5	5	Other
Survival	CNV	DUX4L6	5	Other
Survival	CNV	TRIML2	5	Other
Survival	CNV	DUX4	5	Other
Survival	CNV	SNORA70|ENSG00000252258.1	5	Other
Survival	CNV	RUNX1	5	Other
Survival	CNV	FOXO3	5	Other
Survival	CNV	PRSS23	5	Other
Survival	CNV	ATXN7L3B	5	Other
Survival	CNV	NOV	5	Other
Survival	CNV	MIR1261	5	Other
Survival	CNV	HTRA1	5	Other
Survival	CNV	ARMS2	2	Hormone/Metabolism
Survival	CNV	FOLH1B	5	Other
Survival	CNV	ZNF703	5	Other
Survival	CNV	KRT25	0	Development/Epithelium
Survival	CNV	STK11	5	Other
Survival	CNV	TACC2	5	Other
Survival	CNV	RNU6ATAC11P	5	Other
Survival	CNV	NAV3	5	Other
Survival	CNV	C6orf99	5	Other
Survival	CNV	OSTCP1	5	Other
Survival	CNV	NADSYN1	5	Other
Survival	CNV	VTCN1	5	Other
Survival	CNV	LINC00466	5	Other
Survival	CNV	FRG2C	5	Other
Survival	CNV	RN7SL92P	5	Other
Survival	CNV	MIR4273	5	Other
Survival	CNV	MIR1324	5	Other
Survival	CNV	ZNF717	5	Other
Survival	CNV	LINC00960	5	Other
Survival	CNV	FAM86DP	5	Other
Survival	CNV	OMA1	5	Other
Survival	CNV	SCAF8	5	Other
Survival	CNV	SNORA73|ENSG00000253090.1	5	Other
Survival	CNV	ENGASE	5	Other
Survival	CNV	LTBP4	5	Other
Survival	CNV	RN7SL758P	5	Other
Survival	CNV	SHKBP1	5	Other
Survival	CNV	NGFR	5	Other
Survival	CNV	GNGT2	1	Signaling/Transport
Survival	CNV	DPP8	5	Other
Survival	CNV	IGDCC4	5	Other
Survival	CNV	IGDCC3	5	Other
Survival	CNV	AUTS2	5	Other
Survival	CNV	SUMF1	5	Other
Survival	CNV	KANK4	5	Other
Survival	CNV	IL23R	3	Immune/Inflammation
Survival	CNV	MGAT4C	5	Other
Survival	CNV	RMST	5	Other
Survival	CNV	RN7SL222P	5	Other
Survival	CNV	ABCA6	1	Signaling/Transport
Survival	CNV	BIRC2	5	Other
Survival	CNV	BIRC3	5	Other
Survival	CNV	YAP1	5	Other
Survival	CNV	ANKRD26P1	5	Other
Survival	CNV	KIAA1598	5	Other
Survival	CNV	C12orf40	5	Other
Survival	CNV	snoU13|ENSG00000238544.1	5	Other
Survival	CNV	PEX7	5	Other
Survival	CNV	NKD1	5	Other
Survival	CNV	ATRNL1	5	Other
Survival	CNV	IDO2	5	Other
Survival	CNV	DHX34	5	Other
Survival	CNV	TCN1	5	Other
Survival	CNV	VDAC2	5	Other
Survival	CNV	OR13F1	5	Other
Survival	CNV	OR13C4	5	Other
Survival	CNV	MIR4739	5	Other
Survival	CNV	snoU13|ENSG00000252071.1	5	Other
Survival	CNV	C21orf33	5	Other
Survival	CNV	PWP2	5	Other
Survival	CNV	MIR137HG	5	Other
Survival	CNV	MIR3664	5	Other
Survival	CNV	RIN3	5	Other
Survival	CNV	CCND2	4	Cell cycle/Proliferation
Survival	CNV	ATP11A	5	Other
Survival	CNV	ADAM2	5	Other
Survival	CNV	PCF11	5	Other
Survival	CNV	RAP2B	5	Other
Survival	CNV	CNTN6	5	Other
Survival	CNV	RN7SL120P	5	Other
Survival	CNV	CHL1	5	Other
Survival	CNV	RN7SKP144	5	Other
Survival	CNV	SV2B	5	Other
Survival	CNV	IDS	5	Other
Survival	miRNA	MIMAT0026718	5	Other
Survival	miRNA	MIMAT0026734	5	Other
Survival	miRNA	MIMAT0016847	5	Other
Survival	miRNA	MIMAT0003393	5	Other
Survival	miRNA	MIMAT0003321	5	Other
Survival	miRNA	MIMAT0000437	1	Signaling/Transport
Survival	miRNA	MIMAT0000243	2	Hormone/Metabolism
Survival	miRNA	MIMAT0019943	5	Other
Survival	miRNA	MIMAT0002881	5	Other
Survival	miRNA	MIMAT0015020	5	Other
Survival	miRNA	MIMAT0003250	5	Other
Survival	miRNA	MIMAT0000752	5	Other
Survival	miRNA	MIMAT0019894	5	Other
Survival	miRNA	MIMAT0004700	5	Other
Survival	miRNA	MIMAT0001635	5	Other
Survival	miRNA	MIMAT0004606	5	Other
Survival	miRNA	MIMAT0004983	5	Other
Survival	miRNA	MIMAT0000281	5	Other
Survival	miRNA	MIMAT0019696	5	Other
Survival	miRNA	MIMAT0003260	5	Other
Survival	miRNA	MIMAT0002821	3	Immune/Inflammation
Survival	miRNA	MIMAT0022696	5	Other
Survival	miRNA	MIMAT0000279	4	Cell cycle/Proliferation
Survival	miRNA	MIMAT0000078	5	Other
Survival	miRNA	MIMAT0000423	1	Signaling/Transport
Survival	miRNA	MIMAT0005793	5	Other
Survival	miRNA	MIMAT0021026	5	Other
Survival	miRNA	MIMAT0003218	4	Cell cycle/Proliferation
Survival	miRNA	MIMAT0004949	5	Other
Survival	miRNA	MIMAT0002876	5	Other
Survival	miRNA	MIMAT0003273	5	Other
Survival	miRNA	MIMAT0003309	5	Other
Survival	miRNA	MIMAT0004797	5	Other
Survival	miRNA	MIMAT0003885	5	Other
Survival	miRNA	MIMAT0000258	3	Immune/Inflammation
Survival	miRNA	MIMAT0004496	5	Other
Survival	miRNA	MIMAT0004600	5	Other
Survival	miRNA	MIMAT0004550	2	Hormone/Metabolism
Survival	miRNA	MIMAT0018962	5	Other
Survival	miRNA	MIMAT0000450	5	Other
Survival	miRNA	MIMAT0019963	5	Other
Survival	miRNA	MIMAT0004498	4	Cell cycle/Proliferation
Survival	miRNA	MIMAT0001080	5	Other
Survival	miRNA	MIMAT0000685	4	Cell cycle/Proliferation
Survival	miRNA	MIMAT0000255	4	Cell cycle/Proliferation
Survival	miRNA	MIMAT0002890	5	Other
Survival	miRNA	MIMAT0003258	5	Other
Survival	miRNA	MIMAT0015075	5	Other
Survival	miRNA	MIMAT0005950	5	Other
Survival	miRNA	MIMAT0000102	5	Other
Survival	miRNA	MIMAT0026477	5	Other
Survival	miRNA	MIMAT0022709	5	Other
Survival	miRNA	MIMAT0000453	5	Other
Survival	miRNA	MIMAT0000415	0	Development/Epithelium
Survival	miRNA	MIMAT0004601	1	Signaling/Transport
Survival	miRNA	MIMAT0004564	5	Other
Survival	miRNA	MIMAT0009198	5	Other
Survival	miRNA	MIMAT0022727	5	Other
Survival	miRNA	MIMAT0002823	5	Other
Survival	miRNA	MIMAT0018102	5	Other
Survival	miRNA	MIMAT0000756	5	Other
Survival	miRNA	MIMAT0000256	3	Immune/Inflammation
Survival	miRNA	MIMAT0004557	4	Cell cycle/Proliferation
Survival	miRNA	MIMAT0002819	1	Signaling/Transport
Survival	miRNA	MIMAT0002870	5	Other
Survival	miRNA	MIMAT0026472	0	Development/Epithelium
Survival	miRNA	MIMAT0009199	5	Other
Survival	miRNA	MIMAT0022925	4	Cell cycle/Proliferation
Survival	miRNA	MIMAT0000444	2	Hormone/Metabolism
Survival	miRNA	MIMAT0004678	1	Signaling/Transport
Survival	miRNA	MIMAT0018101	5	Other
Survival	miRNA	MIMAT0000681	1	Signaling/Transport
Survival	miRNA	MIMAT0024598	5	Other
Survival	miRNA	MIMAT0004614	1	Signaling/Transport
Survival	miRNA	MIMAT0018205	5	Other
Survival	miRNA	MIMAT0004603	1	Signaling/Transport
Survival	miRNA	MIMAT0001639	5	Other
Survival	miRNA	MIMAT0002883	5	Other
Survival	miRNA	MIMAT0019776	5	Other
Survival	miRNA	MIMAT0000439	5	Other
Survival	miRNA	MIMAT0017987	5	Other
Survival	miRNA	MIMAT0000089	5	Other
Survival	miRNA	MIMAT0022975	5	Other
Survival	miRNA	MIMAT0000261	0	Development/Epithelium
Survival	miRNA	MIMAT0021044	5	Other
Survival	miRNA	MIMAT0017352	5	Other
Survival	miRNA	MIMAT0027467	5	Other
Survival	miRNA	MIMAT0004805	5	Other
Survival	miRNA	MIMAT0019746	5	Other
Survival	miRNA	MIMAT0001636	5	Other
Survival	miRNA	MIMAT0006790	5	Other
Survival	miRNA	MIMAT0019927	5	Other
Survival	miRNA	MIMAT0000419	2	Hormone/Metabolism
Survival	miRNA	MIMAT0025474	5	Other
Survival	miRNA	MIMAT0004792	4	Cell cycle/Proliferation
Survival	miRNA	MIMAT0026921	5	Other
Survival	miRNA	MIMAT0000318	0	Development/Epithelium
Survival	miRNA	MIMAT0003330	5	Other
Survival	miRNA	MIMAT0000087	2	Hormone/Metabolism
Survival	miRNA	MIMAT0000099	1	Signaling/Transport
Survival	miRNA	MIMAT0002807	5	Other
Survival	miRNA	MIMAT0004609	5	Other
Survival	miRNA	MIMAT0000510	5	Other
Survival	miRNA	MIMAT0000278	4	Cell cycle/Proliferation
Survival	miRNA	MIMAT0020959	5	Other
Survival	miRNA	MIMAT0000720	5	Other
Survival	miRNA	MIMAT0000432	0	Development/Epithelium
Survival	miRNA	MIMAT0000080	5	Other
Survival	miRNA	MIMAT0000096	5	Other
Survival	miRNA	MIMAT0019873	5	Other
Survival	miRNA	MIMAT0000424	5	Other
Survival	miRNA	MIMAT0003887	5	Other
Survival	miRNA	MIMAT0000765	5	Other
Survival	miRNA	MIMAT0022842	5	Other
Survival	miRNA	MIMAT0000736	5	Other
Survival	miRNA	MIMAT0003254	5	Other
Survival	miRNA	MIMAT0000759	2	Hormone/Metabolism
Survival	miRNA	MIMAT0019935	5	Other
Survival	miRNA	MIMAT0022862	5	Other
Survival	miRNA	MIMAT0022491	5	Other
Survival	miRNA	MIMAT0019957	5	Other
Survival	miRNA	MIMAT0017992	5	Other
Survival	miRNA	MIMAT0022487	5	Other
Survival	miRNA	MIMAT0004927	5	Other
Survival	miRNA	MIMAT0000418	5	Other
Survival	miRNA	MIMAT0026475	5	Other
Survival	miRNA	MIMAT0003266	5	Other
Survival	miRNA	MIMAT0004947	5	Other
Survival	miRNA	MIMAT0030021	5	Other
Survival	miRNA	MIMAT0003340	5	Other
Survival	miRNA	MIMAT0000755	5	Other
Survival	miRNA	MIMAT0000443	1	Signaling/Transport
Survival	miRNA	MIMAT0000750	5	Other
Survival	miRNA	MIMAT0025841	5	Other
Survival	miRNA	MIMAT0019871	5	Other
Survival	miRNA	MIMAT0015066	5	Other
Survival	miRNA	MIMAT0000088	2	Hormone/Metabolism
Survival	miRNA	MIMAT0000417	4	Cell cycle/Proliferation
Survival	miRNA	MIMAT0004569	4	Cell cycle/Proliferation
Survival	miRNA	MIMAT0015003	5	Other
Survival	miRNA	MIMAT0005583	5	Other
Survival	miRNA	MIMAT0022692	3	Immune/Inflammation
Survival	miRNA	MIMAT0000757	5	Other
Survival	miRNA	MIMAT0000762	5	Other
Survival	miRNA	MIMAT0004671	2	Hormone/Metabolism
Survival	miRNA	MIMAT0005933	5	Other
Survival	miRNA	MIMAT0000455	5	Other
Survival	miRNA	MIMAT0019841	5	Other
Survival	miRNA	MIMAT0004570	3	Immune/Inflammation
Survival	miRNA	MIMAT0000457	5	Other
Survival	miRNA	MIMAT0000266	0	Development/Epithelium
Survival	miRNA	MIMAT0005792	5	Other
Survival	miRNA	MIMAT0003284	5	Other
Survival	miRNA	MIMAT0020925	5	Other
Survival	miRNA	MIMAT0000617	0	Development/Epithelium
Survival	miRNA	MIMAT0027410	5	Other
Survival	miRNA	MIMAT0027587	5	Other
Survival	miRNA	MIMAT0004775	5	Other
Survival	miRNA	MIMAT0000274	5	Other
Survival	miRNA	MIMAT0017991	5	Other
Survival	miRNA	MIMAT0000097	1	Signaling/Transport
Survival	miRNA	MIMAT0018201	5	Other
Survival	miRNA	MIMAT0004774	5	Other
Survival	miRNA	MIMAT0004584	0	Development/Epithelium
Survival	miRNA	MIMAT0000095	0	Development/Epithelium
Survival	miRNA	MIMAT0000280	3	Immune/Inflammation
Survival	miRNA	MIMAT0004985	5	Other
Survival	miRNA	MIMAT0017982	5	Other
Survival	miRNA	MIMAT0019954	5	Other
Survival	miRNA	MIMAT0026618	5	Other
Survival	miRNA	MIMAT0004494	3	Immune/Inflammation
Survival	miRNA	MIMAT0005794	5	Other
Survival	miRNA	MIMAT0022706	5	Other
Survival	miRNA	MIMAT0027649	5	Other
Survival	miRNA	MIMAT0025450	5	Other
Survival	miRNA	MIMAT0004602	1	Signaling/Transport
Survival	miRNA	MIMAT0019760	5	Other
Survival	miRNA	MIMAT0000445	2	Hormone/Metabolism
Survival	miRNA	MIMAT0001413	4	Cell cycle/Proliferation
Survival	miRNA	MIMAT0005920	5	Other
Survival	miRNA	MIMAT0000069	4	Cell cycle/Proliferation
Survival	miRNA	MIMAT0000275	5	Other
Survival	miRNA	MIMAT0000250	5	Other
Survival	miRNA	MIMAT0004955	5	Other
Survival	miRNA	MIMAT0000100	1	Signaling/Transport
Survival	miRNA	MIMAT0019850	5	Other
Survival	miRNA	MIMAT0004497	5	Other
Survival	miRNA	MIMAT0015378	5	Other
Survival	miRNA	MIMAT0004556	1	Signaling/Transport
Survival	miRNA	MIMAT0000414	0	Development/Epithelium
Survival	miRNA	MIMAT0009196	2	Hormone/Metabolism
Survival	miRNA	MIMAT0004987	5	Other
Survival	miRNA	MIMAT0004701	5	Other
Survival	miRNA	MIMAT0000232	0	Development/Epithelium
Survival	miRNA	MIMAT0017994	5	Other
Survival	miRNA	MIMAT0019221	5	Other
Survival	miRNA	MIMAT0025477	5	Other
Survival	miRNA	MIMAT0002835	5	Other
Survival	miRNA	MIMAT0000646	3	Immune/Inflammation
Survival	miRNA	MIMAT0005902	5	Other
Survival	miRNA	MIMAT0000062	0	Development/Epithelium
Survival	miRNA	MIMAT0004980	5	Other
Survival	miRNA	MIMAT0001621	5	Other
Survival	miRNA	MIMAT0004958	5	Other
Survival	miRNA	MIMAT0000687	5	Other
Survival	miRNA	MIMAT0002891	4	Cell cycle/Proliferation
Survival	miRNA	MIMAT0000452	5	Other
Survival	miRNA	MIMAT0000446	5	Other
Survival	miRNA	MIMAT0000458	5	Other
Survival	miRNA	MIMAT0004702	5	Other
Survival	miRNA	MIMAT0005592	5	Other
Survival	miRNA	MIMAT0001340	5	Other
Survival	miRNA	MIMAT0004485	0	Development/Epithelium
Survival	miRNA	MIMAT0000065	0	Development/Epithelium
Survival	miRNA	MIMAT0004565	5	Other
Survival	miRNA	MIMAT0021117	5	Other
Survival	miRNA	MIMAT0000076	3	Immune/Inflammation
Survival	miRNA	MIMAT0002820	4	Cell cycle/Proliferation
Survival	miRNA	MIMAT0027604	5	Other
Survival	miRNA	MIMAT0021021	5	Other
Survival	miRNA	MIMAT0019845	5	Other
Survival	miRNA	MIMAT0000451	3	Immune/Inflammation
Survival	miRNA	MIMAT0001412	4	Cell cycle/Proliferation
Survival	miRNA	MIMAT0027507	5	Other
Survival	miRNA	MIMAT0000090	5	Other
Survival	miRNA	MIMAT0005914	5	Other
Survival	miRNA	MIMAT0004692	5	Other
Survival	miRNA	MIMAT0000222	2	Hormone/Metabolism
Survival	miRNA	MIMAT0018204	5	Other
Survival	miRNA	MIMAT0027510	5	Other
Survival	miRNA	MIMAT0003945	5	Other
Survival	miRNA	MIMAT0000085	5	Other
Survival	miRNA	MIMAT0018975	5	Other
Survival	miRNA	MIMAT0001536	0	Development/Epithelium
Survival	miRNA	MIMAT0019981	5	Other
Survival	miRNA	MIMAT0004776	5	Other
Survival	miRNA	MIMAT0022929	5	Other
Survival	miRNA	MIMAT0004610	3	Immune/Inflammation
Survival	miRNA	MIMAT0026743	5	Other
Survival	miRNA	MIMAT0003233	5	Other
Survival	miRNA	MIMAT0000734	5	Other
Survival	miRNA	MIMAT0022480	5	Other
Survival	miRNA	MIMAT0026736	5	Other
Survival	miRNA	MIMAT0000724	5	Other
Survival	miRNA	MIMAT0002874	4	Cell cycle/Proliferation
Survival	miRNA	MIMAT0001625	5	Other
Survival	miRNA	MIMAT0000067	0	Development/Epithelium
Survival	miRNA	MIMAT0019202	5	Other
Survival	miRNA	MIMAT0019026	5	Other
Survival	miRNA	MIMAT0000270	3	Immune/Inflammation
Survival	miRNA	MIMAT0022834	5	Other
Survival	miRNA	MIMAT0000710	5	Other
Survival	miRNA	MIMAT0019758	5	Other
Survival	miRNA	MIMAT0004555	1	Signaling/Transport
Survival	miRNA	MIMAT0000077	5	Other
Survival	miRNA	MIMAT0011161	5	Other
Survival	miRNA	MIMAT0015070	5	Other
Survival	miRNA	MIMAT0000259	0	Development/Epithelium
Survival	miRNA	MIMAT0027422	5	Other
Survival	miRNA	MIMAT0000262	5	Other
Survival	miRNA	MIMAT0003329	5	Other
Survival	miRNA	MIMAT0001541	4	Cell cycle/Proliferation
Survival	miRNA	MIMAT0000754	5	Other
Survival	miRNA	MIMAT0027505	5	Other
Survival	miRNA	MIMAT0022287	5	Other
Survival	miRNA	MIMAT0004680	2	Hormone/Metabolism
Survival	miRNA	MIMAT0022721	5	Other
Survival	miRNA	MIMAT0026559	5	Other
Survival	miRNA	MIMAT0022695	1	Signaling/Transport
Survival	miRNA	MIMAT0018071	5	Other
Survival	miRNA	MIMAT0004951	5	Other
Survival	miRNA	MIMAT0000680	4	Cell cycle/Proliferation
Survival	miRNA	MIMAT0006789	5	Other
Survival	miRNA	MIMAT0019018	5	Other
Survival	miRNA	MIMAT0004482	0	Development/Epithelium
Survival	miRNA	MIMAT0000435	1	Signaling/Transport
Survival	miRNA	MIMAT0004748	5	Other
Survival	miRNA	MIMAT0022473	5	Other
Survival	miRNA	MIMAT0000071	4	Cell cycle/Proliferation
Survival	miRNA	MIMAT0019211	5	Other
Survival	miRNA	MIMAT0000276	5	Other
Survival	miRNA	MIMAT0004559	3	Immune/Inflammation
Survival	miRNA	MIMAT0019210	5	Other
Survival	miRNA	MIMAT0027454	5	Other
Survival	miRNA	MIMAT0022833	5	Other
Survival	miRNA	MIMAT0018073	5	Other
Survival	miRNA	MIMAT0000730	5	Other
Survival	miRNA	MIMAT0002852	5	Other
Survival	miRNA	MIMAT0002857	5	Other
Survival	miRNA	MIMAT0003161	5	Other
Survival	miRNA	MIMAT0019808	5	Other
Survival	miRNA	MIMAT0022697	5	Other
Survival	miRNA	MIMAT0004920	5	Other
Survival	miRNA	MIMAT0000073	4	Cell cycle/Proliferation
Survival	miRNA	MIMAT0015069	5	Other
Survival	miRNA	MIMAT0000091	2	Hormone/Metabolism
Survival	miRNA	MIMAT0000441	5	Other
Survival	miRNA	MIMAT0000272	5	Other
Survival	miRNA	MIMAT0004491	4	Cell cycle/Proliferation
Survival	miRNA	MIMAT0005929	5	Other
Survival	miRNA	MIMAT0004952	5	Other
Survival	miRNA	MIMAT0002814	5	Other
Survival	miRNA	MIMAT0003882	5	Other
Survival	miRNA	MIMAT0000260	0	Development/Epithelium
Survival	miRNA	MIMAT0004568	4	Cell cycle/Proliferation
Survival	miRNA	MIMAT0027513	5	Other
Survival	miRNA	MIMAT0000693	2	Hormone/Metabolism
Survival	miRNA	MIMAT0017985	5	Other
Survival	miRNA	MIMAT0026479	2	Hormone/Metabolism
Survival	miRNA	MIMAT0000092	4	Cell cycle/Proliferation
Survival	miRNA	MIMAT0004499	3	Immune/Inflammation
Survival	miRNA	MIMAT0000448	5	Other
Survival	miRNA	MIMAT0004793	5	Other
Survival	miRNA	MIMAT0004501	2	Hormone/Metabolism
Survival	miRNA	MIMAT0004808	5	Other
Survival	miRNA	MIMAT0004694	5	Other
Survival	miRNA	MIMAT0003338	5	Other
Survival	miRNA	MIMAT0002873	5	Other
Survival	miRNA	MIMAT0004911	5	Other
Survival	miRNA	MIMAT0005796	5	Other
Survival	miRNA	MIMAT0004679	5	Other
Survival	miRNA	MIMAT0000449	3	Immune/Inflammation
Survival	miRNA	MIMAT0000731	5	Other
Survival	miRNA	MIMAT0019693	5	Other
Survival	miRNA	MIMAT0004597	5	Other
Survival	miRNA	MIMAT0000456	5	Other
Survival	miRNA	MIMAT0000269	1	Signaling/Transport
Survival	miRNA	MIMAT0000068	4	Cell cycle/Proliferation
Survival	miRNA	MIMAT0005919	5	Other
Survival	miRNA	MIMAT0026720	5	Other
Survival	miRNA	MIMAT0027368	5	Other
Survival	miRNA	MIMAT0019880	5	Other
Survival	miRNA	MIMAT0009451	5	Other
Survival	miRNA	MIMAT0000093	4	Cell cycle/Proliferation
Survival	miRNA	MIMAT0000070	4	Cell cycle/Proliferation
Survival	miRNA	MIMAT0019219	5	Other
Survival	miRNA	MIMAT0004514	1	Signaling/Transport
Survival	miRNA	MIMAT0004504	5	Other
Survival	miRNA	MIMAT0010133	5	Other
Survival	miRNA	MIMAT0004770	5	Other
Survival	miRNA	MIMAT0000459	1	Signaling/Transport
Survival	miRNA	MIMAT0000727	5	Other
Survival	miRNA	MIMAT0000063	0	Development/Epithelium
Survival	miRNA	MIMAT0019728	5	Other
Survival	miRNA	MIMAT0011160	5	Other
Survival	miRNA	MIMAT0004563	0	Development/Epithelium
Survival	miRNA	MIMAT0004703	5	Other
Survival	miRNA	MIMAT0000253	1	Signaling/Transport
Survival	miRNA	MIMAT0002875	5	Other
Survival	miRNA	MIMAT0000761	5	Other
Survival	miRNA	MIMAT0004615	4	Cell cycle/Proliferation
Survival	miRNA	MIMAT0019911	5	Other
Survival	miRNA	MIMAT0022472	5	Other
Survival	miRNA	MIMAT0000104	2	Hormone/Metabolism
Survival	miRNA	MIMAT0004611	5	Other
Survival	miRNA	MIMAT0000264	0	Development/Epithelium
Survival	miRNA	MIMAT0000066	0	Development/Epithelium
Survival	miRNA	MIMAT0000094	5	Other
Survival	miRNA	MIMAT0004688	5	Other
Survival	miRNA	MIMAT0004511	1	Signaling/Transport
Survival	miRNA	MIMAT0029782	5	Other
Survival	miRNA	MIMAT0004814	5	Other
Survival	miRNA	MIMAT0005942	5	Other
Survival	miRNA	MIMAT0019731	5	Other
Survival	miRNA	MIMAT0022483	5	Other
Survival	miRNA	MIMAT0004515	1	Signaling/Transport
Survival	miRNA	MIMAT0005899	5	Other
Survival	miRNA	MIMAT0018072	5	Other
Survival	miRNA	MIMAT0003301	2	Hormone/Metabolism
Survival	miRNA	MIMAT0000265	1	Signaling/Transport
Survival	miRNA	MIMAT0004945	5	Other
Survival	miRNA	MIMAT0002177	5	Other
Survival	miRNA	MIMAT0005951	5	Other
Survival	miRNA	MIMAT0003888	5	Other
Survival	miRNA	MIMAT0002810	5	Other
Survival	miRNA	MIMAT0027577	5	Other
Survival	miRNA	MIMAT0019865	5	Other
Survival	miRNA	MIMAT0003242	5	Other
Survival	miRNA	MIMAT0000227	5	Other
Survival	miRNA	MIMAT0005878	5	Other
Survival	miRNA	MIMAT0027541	5	Other
Survival	miRNA	MIMAT0002174	5	Other
Survival	miRNA	MIMAT0021083	5	Other
Survival	miRNA	MIMAT0004819	5	Other
Survival	miRNA	MIMAT0000732	5	Other
Survival	miRNA	MIMAT0004757	5	Other
Survival	miRNA	MIMAT0027536	5	Other
Survival	miRNA	MIMAT0000763	5	Other
Survival	miRNA	MIMAT0019061	5	Other
Survival	miRNA	MIMAT0000438	2	Hormone/Metabolism
Survival	miRNA	MIMAT0027517	5	Other
Survival	miRNA	MIMAT0001618	1	Signaling/Transport
Survival	miRNA	MIMAT0000086	1	Signaling/Transport
Survival	miRNA	MIMAT0015045	5	Other
Survival	miRNA	MIMAT0004784	5	Other
Survival	miRNA	MIMAT0004809	5	Other
Survival	miRNA	MIMAT0000084	2	Hormone/Metabolism
Survival	miRNA	MIMAT0017993	5	Other
Survival	miRNA	MIMAT0000682	0	Development/Epithelium
Survival	miRNA	MIMAT0003881	5	Other
Survival	miRNA	MIMAT0019229	5	Other
Survival	miRNA	MIMAT0026481	5	Other
Survival	miRNA	MIMAT0003886	5	Other
Survival	miRNA	MIMAT0004977	5	Other
Survival	miRNA	MIMAT0000733	5	Other
Survival	miRNA	MIMAT0004493	4	Cell cycle/Proliferation
Survival	miRNA	MIMAT0004604	5	Other
Survival	miRNA	MIMAT0002173	5	Other
Survival	miRNA	MIMAT0004560	0	Development/Epithelium
Survival	miRNA	MIMAT0002805	5	Other
Survival	miRNA	MIMAT0000245	2	Hormone/Metabolism
Survival	miRNA	MIMAT0019738	5	Other
Survival	miRNA	MIMAT0005893	5	Other
Survival	miRNA	MIMAT0004518	4	Cell cycle/Proliferation
Survival	miRNA	MIMAT0002816	5	Other
Survival	miRNA	MIMAT0004657	0	Development/Epithelium
Survival	miRNA	MIMAT0015084	5	Other
Survival	miRNA	MIMAT0022861	5	Other
Survival	miRNA	MIMAT0021018	5	Other
Survival	miRNA	MIMAT0009201	5	Other
Survival	miRNA	MIMAT0000433	3	Immune/Inflammation
Survival	miRNA	MIMAT0000064	0	Development/Epithelium
Survival	miRNA	MIMAT0004765	5	Other
Survival	miRNA	MIMAT0005577	5	Other
Survival	miRNA	MIMAT0030019	5	Other
Survival	miRNA	MIMAT0005885	5	Other
Survival	miRNA	MIMAT0019748	5	Other
Survival	miRNA	MIMAT0004799	5	Other
Survival	miRNA	MIMAT0001545	5	Other
Survival	miRNA	MIMAT0004505	5	Other
Survival	miRNA	MIMAT0001343	5	Other
Survival	miRNA	MIMAT0026483	5	Other
Survival	miRNA	MIMAT0000081	4	Cell cycle/Proliferation
Survival	miRNA	MIMAT0000440	1	Signaling/Transport
Survival	miRNA	MIMAT0000722	5	Other
Survival	miRNA	MIMAT0005948	5	Other
Survival	miRNA	MIMAT0004486	0	Development/Epithelium
Survival	miRNA	MIMAT0000226	5	Other
Survival	miRNA	MIMAT0004767	1	Signaling/Transport
Survival	miRNA	MIMAT0010195	0	Development/Epithelium
Survival	miRNA	MIMAT0005909	5	Other
Survival	miRNA	MIMAT0000434	3	Immune/Inflammation
Survival	miRNA	MIMAT0000271	5	Other
Survival	miRNA	MIMAT0018115	5	Other
Survival	miRNA	MIMAT0027677	5	Other
Survival	miRNA	MIMAT0004487	0	Development/Epithelium
Survival	miRNA	MIMAT0004553	5	Other
Survival	miRNA	MIMAT0000242	5	Other
Survival	miRNA	MIMAT0004762	5	Other
Survival	miRNA	MIMAT0000454	5	Other
Survival	miRNA	MIMAT0022923	5	Other
Survival	miRNA	MIMAT0027603	5	Other
Survival	miRNA	MIMAT0004489	4	Cell cycle/Proliferation
Survival	miRNA	MIMAT0000098	1	Signaling/Transport
Survival	miRNA	MIMAT0002818	5	Other
Survival	miRNA	MIMAT0004658	3	Immune/Inflammation
Survival	miRNA	MIMAT0019201	5	Other
Survival	miRNA	MIMAT0005924	5	Other
Survival	miRNA	MIMAT0018349	5	Other
Survival	miRNA	MIMAT0000728	5	Other
Survival	miRNA	MIMAT0004500	3	Immune/Inflammation
Survival	miRNA	MIMAT0001629	5	Other
Survival	miRNA	MIMAT0000082	3	Immune/Inflammation
Survival	miRNA	MIMAT0019729	5	Other
Survival	miRNA	MIMAT0015073	5	Other
Survival	miRNA	MIMAT0009197	0	Development/Epithelium
Survival	miRNA	MIMAT0026623	5	Other
Survival	miRNA	MIMAT0005943	5	Other
Survival	miRNA	MIMAT0004801	5	Other
Survival	miRNA	MIMAT0004813	5	Other
Survival	miRNA	MIMAT0003220	5	Other
Survival	miRNA	MIMAT0025460	5	Other
Survival	miRNA	MIMAT0022272	5	Other
Survival	miRNA	MIMAT0003294	5	Other
Survival	miRNA	MIMAT0004567	5	Other
Survival	miRNA	MIMAT0000447	5	Other
Survival	miRNA	MIMAT0005584	5	Other
Survival	miRNA	MIMAT0004978	5	Other
Survival	miRNA	MIMAT0021020	5	Other
Survival	miRNA	MIMAT0002844	5	Other
Survival	miRNA	MIMAT0019737	5	Other
Survival	miRNA	MIMAT0003880	5	Other
Survival	miRNA	MIMAT0022720	5	Other
Survival	miRNA	MIMAT0005452	5	Other
Survival	miRNA	MIMAT0022705	5	Other
Survival	miRNA	MIMAT0018356	5	Other
Survival	miRNA	MIMAT0003239	5	Other
Survival	miRNA	MIMAT0003163	5	Other
Survival	miRNA	MIMAT0019225	5	Other
Survival	miRNA	MIMAT0019706	5	Other
Survival	miRNA	MIMAT0004699	2	Hormone/Metabolism
Survival	miRNA	MIMAT0003180	5	Other
Survival	miRNA	MIMAT0019918	5	Other
Survival	miRNA	MIMAT0004957	5	Other
Survival	miRNA	MIMAT0004507	4	Cell cycle/Proliferation
Survival	miRNA	MIMAT0004502	5	Other
Survival	miRNA	MIMAT0005901	5	Other
Survival	miRNA	MIMAT0019814	0	Development/Epithelium
Survival	miRNA	MIMAT0003257	5	Other
Survival	miRNA	MIMAT0003339	5	Other
Survival	miRNA	MIMAT0000760	5	Other
Survival	miRNA	MIMAT0000707	5	Other
Survival	miRNA	MIMAT0004921	5	Other
Survival	miRNA	MIMAT0004562	5	Other
Survival	miRNA	MIMAT0015085	5	Other
Survival	miRNA	MIMAT0004956	5	Other
Survival	miRNA	MIMAT0003306	5	Other
Survival	miRNA	MIMAT0006764	5	Other
Survival	miRNA	MIMAT0026625	5	Other
Survival	miRNA	MIMAT0018965	5	Other
Survival	miRNA	MIMAT0027449	5	Other
Survival	miRNA	MIMAT0019822	5	Other
Survival	miRNA	MIMAT0004785	5	Other
Survival	miRNA	MIMAT0000075	4	Cell cycle/Proliferation
Survival	miRNA	MIMAT0011159	5	Other
Survival	miRNA	MIMAT0018187	5	Other
Survival	miRNA	MIMAT0003884	5	Other
Survival	miRNA	MIMAT0018000	5	Other
Survival	miRNA	MIMAT0019058	5	Other
Survival	miRNA	MIMAT0000431	5	Other
Survival	miRNA	MIMAT0014979	5	Other
Survival	miRNA	MIMAT0028118	5	Other
Survival	miRNA	MIMAT0019823	5	Other
Survival	miRNA	MIMAT0002872	5	Other
Survival	miRNA	MIMAT0025462	5	Other
Survival	miRNA	MIMAT0026482	5	Other
Survival	miRNA	MIMAT0004752	4	Cell cycle/Proliferation
Survival	miRNA	MIMAT0005949	5	Other
Survival	miRNA	MIMAT0027463	5	Other
Survival	miRNA	MIMAT0019218	5	Other
Survival	miRNA	MIMAT0025473	5	Other
Survival	miRNA	MIMAT0016888	5	Other
Survival	miRNA	MIMAT0000764	5	Other
Survival	miRNA	MIMAT0004551	2	Hormone/Metabolism
Survival	miRNA	MIMAT0004549	2	Hormone/Metabolism
Survival	miRNA	MIMAT0018360	5	Other
Survival	miRNA	MIMAT0000074	4	Cell cycle/Proliferation
Survival	miRNA	MIMAT0004571	0	Development/Epithelium
Survival	miRNA	MIMAT0004674	2	Hormone/Metabolism
Survival	miRNA	MIMAT0019208	5	Other
Survival	miRNA	MIMAT0002813	5	Other
Survival	miRNA	MIMAT0018968	5	Other
Survival	miRNA	MIMAT0019206	5	Other
Survival	miRNA	MIMAT0018194	5	Other
Survival	miRNA	MIMAT0000254	1	Signaling/Transport
Survival	miRNA	MIMAT0000703	5	Other
Survival	miRNA	MIMAT0004513	1	Signaling/Transport
Survival	miRNA	MIMAT0018195	5	Other
Survival	miRNA	MIMAT0004612	5	Other
Survival	miRNA	MIMAT0000753	5	Other
Survival	miRNA	MIMAT0027622	5	Other
Survival	miRNA	MIMAT0022276	5	Other
Survival	miRNA	MIMAT0022726	5	Other
Survival	miRNA	MIMAT0022471	5	Other
Survival	miRNA	MIMAT0000442	5	Other
Survival	miRNA	MIMAT0025849	5	Other
Survival	miRNA	MIMAT0000273	5	Other
Survival	miRNA	MIMAT0022292	5	Other
Survival	miRNA	MIMAT0018961	5	Other
Survival	miRNA	MIMAT0000770	5	Other
Survival	miRNA	MIMAT0011777	5	Other
Survival	miRNA	MIMAT0017990	5	Other
Survival	miRNA	MIMAT0027689	5	Other
Survival	miRNA	MIMAT0002817	5	Other
Survival	miRNA	MIMAT0019931	5	Other
Survival	miRNA	MIMAT0005905	5	Other
Survival	miRNA	MIMAT0003312	5	Other
Survival	miRNA	MIMAT0004552	5	Other
Survival	miRNA	MIMAT0002848	5	Other
Survival	miRNA	MIMAT0000690	5	Other
Survival	miRNA	MIMAT0003327	4	Cell cycle/Proliferation
Survival	miRNA	MIMAT0000692	2	Hormone/Metabolism
Survival	miRNA	MIMAT0027684	5	Other
Survival	miRNA	MIMAT0022502	5	Other
Survival	miRNA	MIMAT0019973	5	Other
Survival	miRNA	MIMAT0001627	5	Other
Survival	miRNA	MIMAT0000425	2	Hormone/Metabolism
Survival	miRNA	MIMAT0000416	5	Other
Survival	miRNA	MIMAT0019232	5	Other
Survival	miRNA	MIMAT0004780	5	Other
Survival	miRNA	MIMAT0003287	5	Other
Survival	miRNA	MIMAT0002175	5	Other
Survival	miRNA	MIMAT0000751	5	Other
Survival	miRNA	MIMAT0003235	5	Other
Survival	miRNA	MIMAT0000691	2	Hormone/Metabolism
Survival	miRNA	MIMAT0018925	5	Other
Survival	miRNA	MIMAT0005892	5	Other
Survival	miRNA	MIMAT0019747	5	Other
Survival	miRNA	MIMAT0021023	5	Other
Survival	miRNA	MIMAT0005589	5	Other
Survival	miRNA	MIMAT0000428	5	Other
Survival	miRNA	MIMAT0002171	5	Other
Survival	miRNA	MIMAT0018983	5	Other
Survival	miRNA	MIMAT0004763	5	Other
Survival	miRNA	MIMAT0004926	5	Other
Survival	miRNA	MIMAT0003336	5	Other
Survival	miRNA	MIMAT0004613	5	Other
Survival	miRNA	MIMAT0004509	4	Cell cycle/Proliferation
Survival	miRNA	MIMAT0003150	5	Other
Survival	miRNA	MIMAT0019757	5	Other
