pathway	gene	evidence_source	database_ID	selection_rule
Hypoxia	VEGFA	Manual curated from canonical literature markers	NA	A priori selected; not derived from present TCGA outcomes
Hypoxia	SLC2A1	Manual curated from canonical literature markers	NA	A priori selected; not derived from present TCGA outcomes
Hypoxia	LDHA	Manual curated from canonical literature markers	NA	A priori selected; not derived from present TCGA outcomes
Hypoxia	PGK1	Manual curated from canonical literature markers	NA	A priori selected; not derived from present TCGA outcomes
Hypoxia	ENO1	Manual curated from canonical literature markers	NA	A priori selected; not derived from present TCGA outcomes
Hypoxia	CA9	Manual curated from canonical literature markers	NA	A priori selected; not derived from present TCGA outcomes
Hypoxia	BNIP3	Manual curated from canonical literature markers	NA	A priori selected; not derived from present TCGA outcomes
Hypoxia	NDRG1	Manual curated from canonical literature markers	NA	A priori selected; not derived from present TCGA outcomes
Hypoxia	ADM	Manual curated from canonical literature markers	NA	A priori selected; not derived from present TCGA outcomes
Hypoxia	ALDOA	Manual curated from canonical literature markers	NA	A priori selected; not derived from present TCGA outcomes
Hypoxia	GAPDH	Manual curated from canonical literature markers	NA	A priori selected; not derived from present TCGA outcomes
Hypoxia	TPI1	Manual curated from canonical literature markers	NA	A priori selected; not derived from present TCGA outcomes
Hypoxia	P4HA1	Manual curated from canonical literature markers	NA	A priori selected; not derived from present TCGA outcomes
Hypoxia	EGLN1	Manual curated from canonical literature markers	NA	A priori selected; not derived from present TCGA outcomes
Hypoxia	EGLN3	Manual curated from canonical literature markers	NA	A priori selected; not derived from present TCGA outcomes
Hypoxia	LOX	Manual curated from canonical literature markers	NA	A priori selected; not derived from present TCGA outcomes
Hypoxia	PDK1	Manual curated from canonical literature markers	NA	A priori selected; not derived from present TCGA outcomes
Hypoxia	ANGPTL4	Manual curated from canonical literature markers	NA	A priori selected; not derived from present TCGA outcomes
Hypoxia	HILPDA	Manual curated from canonical literature markers	NA	A priori selected; not derived from present TCGA outcomes
Hypoxia	PFKL	Manual curated from canonical literature markers	NA	A priori selected; not derived from present TCGA outcomes
Hypoxia	HIF1A	Manual curated from canonical literature markers	NA	A priori selected; not derived from present TCGA outcomes
Hypoxia	HK2	Manual curated from canonical literature markers	NA	A priori selected; not derived from present TCGA outcomes
ROS	NQO1	Manual curated from canonical literature markers	NA	A priori selected; not derived from present TCGA outcomes
ROS	GCLC	Manual curated from canonical literature markers	NA	A priori selected; not derived from present TCGA outcomes
ROS	GCLM	Manual curated from canonical literature markers	NA	A priori selected; not derived from present TCGA outcomes
ROS	TXN	Manual curated from canonical literature markers	NA	A priori selected; not derived from present TCGA outcomes
ROS	TXNRD1	Manual curated from canonical literature markers	NA	A priori selected; not derived from present TCGA outcomes
ROS	SOD1	Manual curated from canonical literature markers	NA	A priori selected; not derived from present TCGA outcomes
ROS	SOD2	Manual curated from canonical literature markers	NA	A priori selected; not derived from present TCGA outcomes
ROS	CAT	Manual curated from canonical literature markers	NA	A priori selected; not derived from present TCGA outcomes
ROS	GPX1	Manual curated from canonical literature markers	NA	A priori selected; not derived from present TCGA outcomes
ROS	GPX4	Manual curated from canonical literature markers	NA	A priori selected; not derived from present TCGA outcomes
ROS	PRDX1	Manual curated from canonical literature markers	NA	A priori selected; not derived from present TCGA outcomes
ROS	PRDX2	Manual curated from canonical literature markers	NA	A priori selected; not derived from present TCGA outcomes
ROS	HMOX1	Manual curated from canonical literature markers	NA	A priori selected; not derived from present TCGA outcomes
ROS	NFE2L2	Manual curated from canonical literature markers	NA	A priori selected; not derived from present TCGA outcomes
ROS	GSR	Manual curated from canonical literature markers	NA	A priori selected; not derived from present TCGA outcomes
ROS	GSTM1	Manual curated from canonical literature markers	NA	A priori selected; not derived from present TCGA outcomes
ROS	GSTP1	Manual curated from canonical literature markers	NA	A priori selected; not derived from present TCGA outcomes
ROS	CYBA	Manual curated from canonical literature markers	NA	A priori selected; not derived from present TCGA outcomes
OXPHOS	NDUFA1	Manual curated from canonical literature markers	NA	A priori selected; not derived from present TCGA outcomes
OXPHOS	NDUFB1	Manual curated from canonical literature markers	NA	A priori selected; not derived from present TCGA outcomes
OXPHOS	SDHA	Manual curated from canonical literature markers	NA	A priori selected; not derived from present TCGA outcomes
OXPHOS	SDHB	Manual curated from canonical literature markers	NA	A priori selected; not derived from present TCGA outcomes
OXPHOS	UQCRC1	Manual curated from canonical literature markers	NA	A priori selected; not derived from present TCGA outcomes
OXPHOS	COX5A	Manual curated from canonical literature markers	NA	A priori selected; not derived from present TCGA outcomes
OXPHOS	COX6A1	Manual curated from canonical literature markers	NA	A priori selected; not derived from present TCGA outcomes
OXPHOS	ATP5A1	Manual curated from canonical literature markers	NA	A priori selected; not derived from present TCGA outcomes
OXPHOS	ATP5B	Manual curated from canonical literature markers	NA	A priori selected; not derived from present TCGA outcomes
OXPHOS	COX4I1	Manual curated from canonical literature markers	NA	A priori selected; not derived from present TCGA outcomes
OXPHOS	NDUFS1	Manual curated from canonical literature markers	NA	A priori selected; not derived from present TCGA outcomes
OXPHOS	CYCS	Manual curated from canonical literature markers	NA	A priori selected; not derived from present TCGA outcomes
OXPHOS	ATP5F1	Manual curated from canonical literature markers	NA	A priori selected; not derived from present TCGA outcomes
OXPHOS	UQCRFS1	Manual curated from canonical literature markers	NA	A priori selected; not derived from present TCGA outcomes
OXPHOS	NDUFV1	Manual curated from canonical literature markers	NA	A priori selected; not derived from present TCGA outcomes
OXPHOS	SDHD	Manual curated from canonical literature markers	NA	A priori selected; not derived from present TCGA outcomes
OXPHOS	COX7A2	Manual curated from canonical literature markers	NA	A priori selected; not derived from present TCGA outcomes
OXPHOS	NDUFB5	Manual curated from canonical literature markers	NA	A priori selected; not derived from present TCGA outcomes
UPR	HSPA5	Manual curated from canonical literature markers	NA	A priori selected; not derived from present TCGA outcomes
UPR	DDIT3	Manual curated from canonical literature markers	NA	A priori selected; not derived from present TCGA outcomes
UPR	ATF4	Manual curated from canonical literature markers	NA	A priori selected; not derived from present TCGA outcomes
UPR	ATF6	Manual curated from canonical literature markers	NA	A priori selected; not derived from present TCGA outcomes
UPR	XBP1	Manual curated from canonical literature markers	NA	A priori selected; not derived from present TCGA outcomes
UPR	ERN1	Manual curated from canonical literature markers	NA	A priori selected; not derived from present TCGA outcomes
UPR	EIF2AK3	Manual curated from canonical literature markers	NA	A priori selected; not derived from present TCGA outcomes
UPR	HSP90B1	Manual curated from canonical literature markers	NA	A priori selected; not derived from present TCGA outcomes
UPR	DNAJB9	Manual curated from canonical literature markers	NA	A priori selected; not derived from present TCGA outcomes
UPR	EDEM1	Manual curated from canonical literature markers	NA	A priori selected; not derived from present TCGA outcomes
UPR	PPP1R15A	Manual curated from canonical literature markers	NA	A priori selected; not derived from present TCGA outcomes
UPR	HERPUD1	Manual curated from canonical literature markers	NA	A priori selected; not derived from present TCGA outcomes
UPR	PDIA4	Manual curated from canonical literature markers	NA	A priori selected; not derived from present TCGA outcomes
UPR	PDIA6	Manual curated from canonical literature markers	NA	A priori selected; not derived from present TCGA outcomes
UPR	CALR	Manual curated from canonical literature markers	NA	A priori selected; not derived from present TCGA outcomes
UPR	DNAJC3	Manual curated from canonical literature markers	NA	A priori selected; not derived from present TCGA outcomes
UPR	SEC61A1	Manual curated from canonical literature markers	NA	A priori selected; not derived from present TCGA outcomes
UPR	GADD34	Manual curated from canonical literature markers	NA	A priori selected; not derived from present TCGA outcomes
mTORC1	MTOR	Manual curated from canonical literature markers	NA	A priori selected; not derived from present TCGA outcomes
mTORC1	RPTOR	Manual curated from canonical literature markers	NA	A priori selected; not derived from present TCGA outcomes
mTORC1	RPS6KB1	Manual curated from canonical literature markers	NA	A priori selected; not derived from present TCGA outcomes
mTORC1	EIF4EBP1	Manual curated from canonical literature markers	NA	A priori selected; not derived from present TCGA outcomes
mTORC1	SREBF1	Manual curated from canonical literature markers	NA	A priori selected; not derived from present TCGA outcomes
mTORC1	TFRC	Manual curated from canonical literature markers	NA	A priori selected; not derived from present TCGA outcomes
mTORC1	GAPDH	Manual curated from canonical literature markers	NA	A priori selected; not derived from present TCGA outcomes
mTORC1	LDHA	Manual curated from canonical literature markers	NA	A priori selected; not derived from present TCGA outcomes
mTORC1	PGK1	Manual curated from canonical literature markers	NA	A priori selected; not derived from present TCGA outcomes
mTORC1	SLC2A1	Manual curated from canonical literature markers	NA	A priori selected; not derived from present TCGA outcomes
mTORC1	MTHFD2	Manual curated from canonical literature markers	NA	A priori selected; not derived from present TCGA outcomes
mTORC1	PPAT	Manual curated from canonical literature markers	NA	A priori selected; not derived from present TCGA outcomes
mTORC1	ASNS	Manual curated from canonical literature markers	NA	A priori selected; not derived from present TCGA outcomes
mTORC1	PHGDH	Manual curated from canonical literature markers	NA	A priori selected; not derived from present TCGA outcomes
mTORC1	PSAT1	Manual curated from canonical literature markers	NA	A priori selected; not derived from present TCGA outcomes
mTORC1	PKM	Manual curated from canonical literature markers	NA	A priori selected; not derived from present TCGA outcomes
mTORC1	RPS6	Manual curated from canonical literature markers	NA	A priori selected; not derived from present TCGA outcomes
mTORC1	EIF4E	Manual curated from canonical literature markers	NA	A priori selected; not derived from present TCGA outcomes
Glycolysis	HK2	Manual curated from canonical literature markers	NA	A priori selected; not derived from present TCGA outcomes
Glycolysis	PFKL	Manual curated from canonical literature markers	NA	A priori selected; not derived from present TCGA outcomes
Glycolysis	PFKP	Manual curated from canonical literature markers	NA	A priori selected; not derived from present TCGA outcomes
Glycolysis	ALDOA	Manual curated from canonical literature markers	NA	A priori selected; not derived from present TCGA outcomes
Glycolysis	GAPDH	Manual curated from canonical literature markers	NA	A priori selected; not derived from present TCGA outcomes
Glycolysis	PGK1	Manual curated from canonical literature markers	NA	A priori selected; not derived from present TCGA outcomes
Glycolysis	PGAM1	Manual curated from canonical literature markers	NA	A priori selected; not derived from present TCGA outcomes
Glycolysis	ENO1	Manual curated from canonical literature markers	NA	A priori selected; not derived from present TCGA outcomes
Glycolysis	PKM	Manual curated from canonical literature markers	NA	A priori selected; not derived from present TCGA outcomes
Glycolysis	LDHA	Manual curated from canonical literature markers	NA	A priori selected; not derived from present TCGA outcomes
Glycolysis	SLC2A1	Manual curated from canonical literature markers	NA	A priori selected; not derived from present TCGA outcomes
Glycolysis	TPI1	Manual curated from canonical literature markers	NA	A priori selected; not derived from present TCGA outcomes
Glycolysis	HK1	Manual curated from canonical literature markers	NA	A priori selected; not derived from present TCGA outcomes
Glycolysis	GPI	Manual curated from canonical literature markers	NA	A priori selected; not derived from present TCGA outcomes
Glycolysis	GAPDHS	Manual curated from canonical literature markers	NA	A priori selected; not derived from present TCGA outcomes
Glycolysis	PGAM4	Manual curated from canonical literature markers	NA	A priori selected; not derived from present TCGA outcomes
Glycolysis	ALDOC	Manual curated from canonical literature markers	NA	A priori selected; not derived from present TCGA outcomes
EMT	VIM	Manual curated from canonical literature markers	NA	A priori selected; not derived from present TCGA outcomes
EMT	CDH1	Manual curated from canonical literature markers	NA	A priori selected; not derived from present TCGA outcomes
EMT	CDH2	Manual curated from canonical literature markers	NA	A priori selected; not derived from present TCGA outcomes
EMT	SNAI1	Manual curated from canonical literature markers	NA	A priori selected; not derived from present TCGA outcomes
EMT	SNAI2	Manual curated from canonical literature markers	NA	A priori selected; not derived from present TCGA outcomes
EMT	TWIST1	Manual curated from canonical literature markers	NA	A priori selected; not derived from present TCGA outcomes
EMT	ZEB1	Manual curated from canonical literature markers	NA	A priori selected; not derived from present TCGA outcomes
EMT	ZEB2	Manual curated from canonical literature markers	NA	A priori selected; not derived from present TCGA outcomes
EMT	FN1	Manual curated from canonical literature markers	NA	A priori selected; not derived from present TCGA outcomes
EMT	COL1A1	Manual curated from canonical literature markers	NA	A priori selected; not derived from present TCGA outcomes
EMT	MMP2	Manual curated from canonical literature markers	NA	A priori selected; not derived from present TCGA outcomes
EMT	MMP9	Manual curated from canonical literature markers	NA	A priori selected; not derived from present TCGA outcomes
EMT	CTNNB1	Manual curated from canonical literature markers	NA	A priori selected; not derived from present TCGA outcomes
EMT	ACTA2	Manual curated from canonical literature markers	NA	A priori selected; not derived from present TCGA outcomes
EMT	SERPINE1	Manual curated from canonical literature markers	NA	A priori selected; not derived from present TCGA outcomes
EMT	TGFB1	Manual curated from canonical literature markers	NA	A priori selected; not derived from present TCGA outcomes
EMT	ITGB1	Manual curated from canonical literature markers	NA	A priori selected; not derived from present TCGA outcomes
EMT	KRT19	Manual curated from canonical literature markers	NA	A priori selected; not derived from present TCGA outcomes
DNA repair	BRCA1	Manual curated from canonical literature markers	NA	A priori selected; not derived from present TCGA outcomes
DNA repair	BRCA2	Manual curated from canonical literature markers	NA	A priori selected; not derived from present TCGA outcomes
DNA repair	RAD51	Manual curated from canonical literature markers	NA	A priori selected; not derived from present TCGA outcomes
DNA repair	XRCC1	Manual curated from canonical literature markers	NA	A priori selected; not derived from present TCGA outcomes
DNA repair	XRCC5	Manual curated from canonical literature markers	NA	A priori selected; not derived from present TCGA outcomes
DNA repair	XRCC6	Manual curated from canonical literature markers	NA	A priori selected; not derived from present TCGA outcomes
DNA repair	PARP1	Manual curated from canonical literature markers	NA	A priori selected; not derived from present TCGA outcomes
DNA repair	MLH1	Manual curated from canonical literature markers	NA	A priori selected; not derived from present TCGA outcomes
DNA repair	MSH2	Manual curated from canonical literature markers	NA	A priori selected; not derived from present TCGA outcomes
DNA repair	MSH6	Manual curated from canonical literature markers	NA	A priori selected; not derived from present TCGA outcomes
DNA repair	ATM	Manual curated from canonical literature markers	NA	A priori selected; not derived from present TCGA outcomes
DNA repair	ATR	Manual curated from canonical literature markers	NA	A priori selected; not derived from present TCGA outcomes
DNA repair	CHEK1	Manual curated from canonical literature markers	NA	A priori selected; not derived from present TCGA outcomes
DNA repair	CHEK2	Manual curated from canonical literature markers	NA	A priori selected; not derived from present TCGA outcomes
DNA repair	ERCC1	Manual curated from canonical literature markers	NA	A priori selected; not derived from present TCGA outcomes
DNA repair	ERCC2	Manual curated from canonical literature markers	NA	A priori selected; not derived from present TCGA outcomes
DNA repair	FEN1	Manual curated from canonical literature markers	NA	A priori selected; not derived from present TCGA outcomes
DNA repair	LIG3	Manual curated from canonical literature markers	NA	A priori selected; not derived from present TCGA outcomes
DNA repair	MRE11	Manual curated from canonical literature markers	NA	A priori selected; not derived from present TCGA outcomes
DNA repair	RAD50	Manual curated from canonical literature markers	NA	A priori selected; not derived from present TCGA outcomes
DNA repair	RAD51C	Manual curated from canonical literature markers	NA	A priori selected; not derived from present TCGA outcomes
DNA repair	PALB2	Manual curated from canonical literature markers	NA	A priori selected; not derived from present TCGA outcomes
