gene	mean_importance	std_importance	fold_freq_top100
CYP2B7P1	0.29407932218274435	0.012924082975722248	5
TFF1	0.23112749169021468	0.060463122414112114	5
C1orf64	0.21784554150877974	0.02857108775136428	5
AGR3	0.20383789512495243	0.01817596268016993	5
KCNJ3	0.20278894047451793	0.03478030194216028	5
MIA	0.1825937637220606	0.020247235798785578	5
PPP1R14C	0.18086997048090875	0.01829761060179398	5
STAC2	0.17856202564788629	0.012759180628982996	5
ESR1	0.17754490396779937	0.012411359486913805	5
CHAD	0.1749026808241187	0.01091695804756316	5
ATP13A5	0.17479067694558595	0.026033188999285965	5
AQP5	0.17327476726059915	0.02405356855956531	5
TCAM1P	0.1638615086592515	0.020758443164106844	5
DACH1	0.1600714630514129	0.03117810105260537	5
KLK6	0.15916433227316967	0.0203142462728913	5
FABP7	0.14764181406615004	0.05874608596153928	5
ERBB4	0.14723897055972782	0.013925420555857779	5
SMC1B	0.14463721136420993	0.019662340625292558	5
GAL	0.14147161679985248	0.016693839857113712	5
ELF5	0.14128293886162582	0.03310929824215421	5
SLC7A2	0.14094602661591105	0.053441165502456305	5
C20orf114	0.14027349658217517	0.03508811921147837	5
SLC15A1	0.138758964520125	0.03239790586173227	5
FOXC1	0.13788721331452186	0.014345785407971864	5
ELOVL2	0.13780330697649407	0.031187434761168486	5
SLC44A4	0.13773574310610873	0.023178322242407196	5
CST9	0.13709016568625967	0.040710586540878266	5
GP2	0.13665404382015603	0.007992704596650167	5
ANKRD30A	0.1357568834383956	0.03861246458635958	4
WNK4	0.13519291092526936	0.03664877546494165	5
IL20	0.13499077922958458	0.05441949975974237	5
KRT17	0.1338665223225395	0.03395056165695015	5
CYP4B1	0.13083236361133765	0.025912279054109203	5
ABCC11	0.13076588702995512	0.03679297509183508	5
PLA2G10	0.12860098248594445	0.020672537857779463	5
ANKRD30B	0.12810588559028416	0.03252083399861665	5
SLC6A11	0.12733548406834252	0.03019473042122637	5
FLJ45983	0.12627085329636464	0.040713047918476256	3
CAPN8	0.12581343869967637	0.022392211893775625	5
SFRP1	0.12378046750532237	0.035469333334367574	4
MAG	0.12288526041513821	0.02176999955689992	5
RET	0.1212646168772357	0.029754141322610752	4
PGR	0.12110179957046083	0.045373919054022334	5
PIP	0.11877876817265709	0.041442316427223964	3
HSD17B2	0.11762197154356521	0.023897850190294462	5
MAPK4	0.11740157061431464	0.021254901058798462	5
SOX11	0.11642395036391469	0.006111968108510944	5
SYT8	0.11432222605869116	0.023738826287419197	5
SYTL5	0.11423301639352215	0.0334722229191222	5
CYP4Z2P	0.11354042452170994	0.025294943171122596	5
DSC3	0.11244916214812557	0.03854039727415441	5
LOC150622	0.11149556093554946	0.02561486946449937	5
CHI3L2	0.11047205099638024	0.014825815618731517	5
OGN	0.11002765787948669	0.03223247796771664	4
AFF3	0.10977559435240203	0.01707634670872743	5
C6orf97	0.10926727492749633	0.01267663783566364	5
MARCO	0.10848372130526222	0.02662106801239585	5
PDZK1	0.10824005054822776	0.05218121660804989	5
MAPT	0.107766477534419	0.038036609230258034	5
LRRC31	0.10764377167826218	0.01764564640855058	5
F7	0.10762260161234534	0.022986210271398997	4
KLF5	0.10707136181969748	0.019655687876532376	5
ABCC8	0.10654211150928838	0.01744654529723628	5
KCNH1	0.10478374471304992	0.014095725550975578	5
CAPN9	0.10451752192016221	0.026928086509605473	5
FAM131C	0.10353975707063483	0.021478535602276413	5
ITGB8	0.1032292784687995	0.005624102517347575	5
DEFB1	0.10317277242619001	0.023439340458453254	4
TMEM158	0.10293159462417104	0.01598100629283327	4
KIF12	0.10273126991389352	0.016319990638604072	5
AMY1A	0.10248755983551042	0.032419636931462936	4
KCNG1	0.10235936219353252	0.030540026698168382	3
RIMS4	0.10229693919811031	0.03365106914699298	1
LRG1	0.10206779914802575	0.03878902606902375	5
CA12	0.10114087268582672	0.0101818644194516	5
TMEM26	0.10099138544281092	0.017534147856653755	5
NAV3	0.10085770131420997	0.018209155128291084	5
SERPINA5	0.09990576291278017	0.033942241297474314	2
C1orf173	0.09941175257524855	0.018665865343229445	5
MYBL2	0.09911361510756941	0.007749811751750353	5
SLC34A2	0.0978377073103994	0.02710071695699579	2
TLX1	0.09744633234924452	0.018621900767052155	3
HRASLS	0.09730643081750993	0.019907200908375056	4
KRT16	0.09700194078709239	0.023689417553614794	4
IL1RL2	0.09677655573234985	0.01875000020699879	3
TPSG1	0.09608206139595012	0.017958872663933773	5
OSR1	0.09574896614696139	0.013494216113700356	4
CACNG1	0.0954797486604948	0.022122794486274994	2
CXCL1	0.09521419982765829	0.027126274848661938	5
ART3	0.09515274293352025	0.0379056616118907	4
AGR2	0.09499281268118369	0.01847701678747246	2
KRT6C	0.09440596845133473	0.02354920938081919	2
PHYHD1	0.09434686790725248	0.03814250633984637	5
NAT1	0.09422163549651467	0.03070016989009351	5
ATP10B	0.09420897093055172	0.009767562923787616	4
NOVA1	0.09380813413043745	0.011326776608889987	5
TFCP2L1	0.09268123621491321	0.018689907183790804	5
ROPN1B	0.09226048845209155	0.01774104226002637	2
SLC27A2	0.09137092616851807	0.019912821916411836	4
COL9A3	0.09131702015219387	0.01597906954941979	3
SULT2B1	0.09126328009743838	0.019658677787865248	4
LOC284276	0.09107180953431454	0.017740663838090608	4
CCDC48	0.09106090069117481	0.02523959363537768	1
BCL11A	0.08967788566644264	0.010607931286434698	1
BPI	0.08917556377899741	0.017266685850527316	1
PROM1	0.08758614604665434	0.02429983910399457	1
CDH3	0.08750995054792873	0.027643866349457025	2
SLC40A1	0.08749647579021752	0.01730049359261111	2
HPX	0.08717265235505114	0.01290588554539516	0
FGFBP1	0.0860009803632862	0.019290357494454593	1
ADCY1	0.0857268185661376	0.024639145550957368	3
CRIP1	0.0856764344284575	0.02042719439173887	3
LPPR3	0.08554901320253176	0.021965765474207977	0
CYP21A2	0.08554735196238013	0.011887025942595034	0
GREB1	0.08548511828203947	0.02031901575815298	3
EEF1A2	0.08537635486782001	0.023889069419751403	2
PLAT	0.08523846157648961	0.007474665715695128	1
GPR126	0.08491467012043566	0.007510172552481696	2
E2F8	0.08438712162313042	0.007815311989405705	1
EPR1	0.08385044795883045	0.0077103193892798325	0
GPR81	0.08375156100737127	0.018690346297504056	1
CNTNAP3	0.08364288320834051	0.015450676734991755	0
DNER	0.08305703644217685	0.019561647603353945	0
LCT	0.0829726407138278	0.008776528071177063	1
TGFA	0.08282152760264035	0.007350340156791897	0
ZBTB16	0.08275143618314433	0.018877860456601416	0
PGLYRP2	0.08182071912291342	0.0394601364100949	2
C4orf7	0.081424080478794	0.03035734379752442	0
C10orf90	0.08083291713855856	0.016460567045536743	0
HPN	0.07992242026134794	0.013015197691556088	0
PTX3	0.07983489735258574	0.009174948692526724	1
SYT9	0.07969207418870963	0.026395395441412443	1
MSLN	0.07925691452611056	0.027061508501416306	2
CCDC150	0.07871778646826363	0.015047034082832575	0
SMOC1	0.07843786451269814	0.02154086376424853	0
BIRC5	0.07779235618516642	0.002681380569277051	0
BCAS1	0.07776159664307952	0.02135406830875495	0
KCND3	0.07753665692276668	0.014744482744794455	0
C8orf46	0.07686148938099448	0.006919232031493786	0
BCL2	0.07678649771276957	0.007097762907292421	0
UPF0639	0.07640696760316532	0.0247532939989251	0
CST2	0.07632717389253553	0.033746082135029803	3
HRCT1	0.07547824830030667	0.008696092868782871	0
FBN3	0.07522091795658874	0.00928913717620324	0
RBM24	0.07485060204331968	0.015168842423027443	0
ASPM	0.07450601613295876	0.007606217063736854	0
NKAIN1	0.07333612478085724	0.018233478349732258	0
GPR19	0.07320400918372086	0.005089304779104389	0
MFSD7	0.07317214487467068	0.0162498340062845	0
C1orf106	0.07299115599134039	0.02206009494047883	2
NDC80	0.07297304867160785	0.005492648328121275	0
SEPT3	0.07288074155876206	0.02227993626844704	0
UBE2C	0.07280112748970666	0.006485966365906494	0
CDKN2A	0.07242841874819415	0.016513260148013527	1
ESPL1	0.07215723305296946	0.007909822225683002	0
KCNK5	0.0718175263177291	0.012883418465807199	0
SERPINB5	0.07171879562002728	0.013653211186769296	1
CDCA7	0.07150948453911785	0.017904234429633736	0
RERG	0.07140343629286096	0.007002054058673427	0
SUSD3	0.07128517230000693	0.014017900527348975	0
SLC6A15	0.07125421600668576	0.016947564121661075	0
C10orf93	0.07054730958280588	0.010442685408099332	0
PM20D2	0.06984667001681613	0.009354069415198547	0
FSD1	0.06980816971394006	0.018777031454792203	0
ERBB2	0.0695365902265614	0.005788975583353899	0
EXO1	0.06949885326222036	0.0054548555908885575	0
BAI2	0.06947317137759981	0.011991213704667105	0
C6orf223	0.0692927720429344	0.010123787198359236	0
CXCL5	0.06901095650724168	0.012078405140151604	0
NCAM2	0.06883261567090629	0.01590939602702702	0
ARHGAP11B	0.06880821405131113	0.009021912248017057	0
CHODL	0.06835253055037194	0.017931461369737726	0
DEPDC1B	0.0682655886278011	0.0032306599473194753	0
FBXO15	0.06825747584383979	0.020833293585901386	0
RGS22	0.06819355618976572	0.022206364390950833	1
GRIK3	0.06807564118718805	0.009898043211885562	0
KRT86	0.06738777025540027	0.011222197423400486	0
PRR11	0.06724219301612484	0.008189673820515731	0
KRT5	0.06723932595093354	0.020216288519244757	0
CPA3	0.06710116923695865	0.011919134907751183	0
GRB7	0.06692199013499338	0.007746866749633911	0
SIDT1	0.06686616968629357	0.003989369561884682	0
A2ML1	0.06651418318027189	0.02121304708226604	0
E2F7	0.06610625418342973	0.006264480042138444	0
AGTR1	0.0660018913910196	0.023717951595024964	0
C6orf15	0.06532869306630562	0.01797876193526054	0
CDH19	0.0651747186791899	0.009227389275220585	0
PCDHB9	0.06477790196308629	0.007182564653281825	0
PIF1	0.0647707110238723	0.008693637882418217	0
ANLN	0.06464487985165969	0.007831474668440443	0
DLGAP5	0.06407774317374093	0.005980201462338811	0
CENPA	0.06358450356064135	0.0033302661222322635	0
LOC100128977	0.06345479418094499	0.026022512417394467	0
KIF14	0.06342865217103524	0.005663028520479716	0
FAM176B	0.06336101176587312	0.011649453873501171	0
SCRG1	0.06333424459244374	0.012237840092940546	0
TPX2	0.06308050400795337	0.007038071206787693	0
RHCG	0.0625983967058942	0.010968181056024488	0
IL22RA2	0.0625400909238735	0.009668704776434445	0
FSIP1	0.06217249626589039	0.016464848113315028	0
BUB1	0.06187607252709967	0.0043916935491910905	0
MT1H	0.06172097472821727	0.011459061863180041	0
ZNF703	0.061600484644256326	0.017527560192336894	0
SLC6A17	0.06147426579702002	0.019207737234299242	0
BAIAP3	0.061195038354740716	0.018696246562954228	0
GPR77	0.06085830398447943	0.010314115649314224	0
FAM83D	0.059864810967822646	0.007283473035872389	0
TTK	0.05967714832273753	0.0030554186376487635	0
MATN3	0.05935873597371224	0.00819385602219823	0
IGF1R	0.058620007795551564	0.01140260532041177	0
SLC16A10	0.058616772755761826	0.010973381523765546	0
CPA4	0.05860819289219192	0.011153680116143535	0
STOX2	0.05829756112544353	0.010896756148347984	0
CDKN3	0.05806732822246865	0.006034473626068219	0
GTSE1	0.05757277020059085	0.005086709881612465	0
PGLYRP4	0.0574106768822827	0.011782132654876973	0
CREB3L1	0.05733389427663691	0.0059156821845409106	0
FRMD3	0.05693525740502213	0.020062863538461408	0
RND1	0.05635013217164507	0.007125970283443444	0
NCAPH	0.05626936526510242	0.002868098861113047	0
PNMA3	0.056179010208316026	0.007415900439118043	0
SPAG5	0.05596873649546326	0.00216375276761465	0
IL12RB2	0.05583553123802193	0.009559551240471802	0
EN1	0.05577684895495673	0.022255748543131528	0
SEC14L4	0.05561147647902074	0.018113175890892005	0
COL11A2	0.05556402451576344	0.01081969299051308	0
SFRS13B	0.05535935573363595	0.008028803733163998	0
PTTG1	0.055075899079325266	0.004736773104615409	0
LOC84740	0.05498317915155215	0.0170532893365077	0
OTX1	0.05498188600694122	0.021428659463542683	0
FAM150B	0.05410446970827445	0.01164693977194056	0
E2F2	0.054088279792967354	0.00903122807456223	0
CNTD1	0.05404131977149401	0.0034747318079152837	0
SIX3	0.05383708110830534	0.011818434815628071	0
MCM10	0.053775809378712194	0.005688316888051178	0
LOC339674	0.05350006287226824	0.005247186891804837	0
IRS1	0.05336847217816563	0.009943369838196237	0
COL27A1	0.05331778614338095	0.0073403317853694885	0
C10orf116	0.05268244614943618	0.017048730698481843	0
STK32B	0.05260954954783078	0.013289967796911637	0
ADAMTS15	0.052402855664278526	0.009271876237609139	0
PCSK6	0.05205392503431093	0.017239573527213878	0
GINS1	0.05202765234292894	0.0036244545021298876	0
CHN2	0.05201528205886817	0.013599792640984432	0
SLC6A2	0.05177947889715353	0.007688189543019645	0
ZIC1	0.05173713516737828	0.01343058704917931	0
CMYA5	0.051404260733604754	0.006591403435230923	0
PDE9A	0.05137791504079453	0.005468792175827768	0
CXorf61	0.05097688568492129	0.008313265468165507	0
ABLIM3	0.05081909996597074	0.010632500745914784	0
EPB41L4A	0.050775586520565394	0.005152717741945163	0
FAM64A	0.05066767862963225	0.005725942827622887	0
C15orf59	0.05065776095891585	0.013872562717990998	0
RTN4RL1	0.050220749587642596	0.00896479792840828	0
GDF5	0.050111956577593916	0.00889622739438706	0
SCEL	0.05007526551538043	0.02305718937818256	0
RAB19	0.04989215321327757	0.0034119897712038315	0
ST8SIA1	0.049759626862022455	0.016559533072702897	0
SCNN1A	0.049532668884596634	0.006437905064059727	0
FABP5	0.049484342404061396	0.018017432448680818	0
RCOR2	0.04936743674446618	0.013965350764416592	0
LAD1	0.049325474355679404	0.010287051532038939	0
DUSP9	0.04932273911174932	0.009531619406750147	0
PFKP	0.04926703027215751	0.01787278283446619	0
PLCH1	0.04904981273616408	0.012074293759550603	0
C6orf218	0.04873878630855314	0.013163772951256598	0
RARRES1	0.04830646677154793	0.010437755176212475	0
SLC7A8	0.0483028011362326	0.012273005493603086	0
RASEF	0.04815954633404096	0.012504227648658441	0
SHCBP1	0.04811670228550733	0.006035480626196653	0
DOK7	0.048049890220655825	0.015418417449439446	0
AKR1E2	0.04803141177472168	0.027104815383657086	0
PRSS12	0.04787057874092772	0.02150429384274331	0
GSG2	0.047786167085071336	0.0027599692425371654	0
FFAR2	0.0477811847897137	0.021050182741604178	0
CCDC74A	0.047239352756508965	0.008148304360901337	0
SPC25	0.047012014543941695	0.004843462572483588	0
NRTN	0.04676650645197102	0.012294347928976386	0
THSD4	0.0467642706751676	0.005612673128375324	0
SLC39A12	0.04639886581677539	0.015106635247648752	0
CHST4	0.04563473509220424	0.012626394441864286	0
KHDRBS3	0.045612487977918656	0.0057701728681302565	0
STON2	0.04546324303638394	0.0052426808070399795	0
SH3GL3	0.04544386088232911	0.006495108364323001	0
NXPH3	0.04534862283712289	0.01679013072041039	0
SRMS	0.04457522791114921	0.008866248345151645	0
UBE2T	0.04430873831199259	0.010125734337214514	0
CYP39A1	0.04367892949540362	0.0177766581384983	0
SLC16A6	0.043516023462596254	0.014776334754762754	0
GPRC5A	0.04299848688618731	0.011538471929706886	0
ATP1A2	0.04298122491323368	0.006198162000412072	0
SLC16A1	0.04290477818023407	0.007867631484009121	0
MID1	0.04269148266839644	0.010596626702719972	0
ITPR1	0.0425106091089654	0.009476299972547756	0
OLAH	0.04241518861715786	0.004689708824321627	0
TCEAL6	0.04225436096030415	0.007694178660076783	0
FAM134B	0.042161329036179994	0.009925591987006778	0
ZNF385A	0.04156259188855227	0.011741054094915016	0
TTYH1	0.041304621856094015	0.007712656700701219	0
CCKBR	0.04122105520753778	0.013269447534624628	0
CNGA1	0.04119225653612374	0.014137152156095685	0
KIAA1377	0.04116689377370797	0.022577594687256324	0
KIF13B	0.0409078998009535	0.005705395482023185	0
NEK5	0.04085680823542119	0.009579736738915037	0
LMO4	0.04073705940408435	0.004478919355627193	0
LOC283174	0.040681191028322496	0.02274855093387803	0
MPP7	0.040532951590719464	0.002819009288032691	0
KIAA1984	0.04008790715314075	0.012512283336173428	0
PPP1R3C	0.04003996919802873	0.014823420322427451	0
DNAH7	0.039888073726979216	0.005624055128314355	0
NUDT8	0.039857119728386084	0.012810976583000355	0
SOX6	0.03982518675591026	0.015314209596701824	0
LOC285629	0.03964697723566483	0.009035416320695076	0
KERA	0.03883619443538303	0.012311041978223723	0
FAAH	0.03876862741600947	0.007934629559390508	0
FLJ36777	0.03837732187991206	0.014842616287593879	0
FOLH1	0.038123166137698616	0.006874829829308225	0
C15orf41	0.03786614702328504	0.008238287180087064	0
PSORS1C2	0.03773847388441739	0.011400724336965784	0
PGAP3	0.03773845013075712	0.008583096672518168	0
PPM1J	0.03742728428965702	0.005685114084911303	0
CAPN13	0.037375592489301196	0.017324767136922773	0
ZNF454	0.03706643986310076	0.006828633811835733	0
LOC148696	0.036290896000494136	0.014143413916026302	0
KRT37	0.03598405178363232	0.004890953553615234	0
WDR67	0.035301280836408155	0.006065018752402952	0
GPRC5C	0.03523563176939448	0.006818040769312309	0
MPP2	0.03412777691147131	0.011410623290281516	0
STARD3	0.033592132118641496	0.00284320550314519	0
MMP17	0.03348381075367753	0.004727707441616881	0
SLC19A2	0.03345410853459224	0.005253364495398783	0
FANK1	0.03343310003069534	0.0019718618452188104	0
ABCG1	0.032909025337355825	0.0051653686615883735	0
CNGB1	0.032591659993742625	0.00781156087666716	0
ISL2	0.03255690718912728	0.01328792790365627	0
GPR3	0.03251150157846215	0.013589631910488856	0
YPEL2	0.031940319835855706	0.005482415881800325	0
RDH10	0.03170638038164693	0.011776036696110683	0
PKIB	0.03081609241740547	0.009969590447431917	0
RSPH1	0.02979037945190934	0.00940873649509536	0
NUDT6	0.02900373316448123	0.004691693818540581	0
ASAH1	0.028822363260102273	0.0071635085136177775	0
CAMKV	0.02858351477748597	0.00404478551662021	0
CKS1B	0.028346545394384894	0.004806185871149413	0
ATP1A4	0.027947105089909257	0.006649853525787321	0
LIPG	0.027592985852057817	0.0071368033501086866	0
GPM6B	0.027550468970837287	0.006597683509190513	0
BHLHE40	0.02752856144532692	0.006320453627980279	0
LYPD6	0.027180225280245045	0.009698784575176042	0
GPR125	0.02626030670391724	0.005634520852090487	0
CHST3	0.026091205632729257	0.007443743287335879	0
STMN1	0.025740213822139396	0.004148570236616332	0
C1GALT1	0.024773442682221734	0.008040537774059081	0
ULK4	0.024597897058777875	0.004051254922267317	0
TPBG	0.02365705204774735	0.0033212180557939826	0
CPEB2	0.023089675586003798	0.0035795649819100016	0
MAML2	0.023029664166134535	0.0017849795725459355	0
TPRN	0.02269921484059053	0.008608474634858723	0
G6PD	0.021263813579674058	0.002053469757064899	0
FRAT1	0.021207421731537578	0.0043919513021941125	0
GPSM2	0.02052476374929437	0.00373934403774249	0
ABAT	0.020005407575134585	0.006526991045551878	0
SKP2	0.019531764457538722	0.003088978648472898	0
STARD13	0.019450336453274493	0.007611142015367856	0
MFSD2B	0.01917154101938583	0.005700888168131835	0
MEGF9	0.01872713156420925	0.0022130929764290134	0
TMC4	0.01854668207297324	0.006561488055788118	0
SLC36A4	0.018475701634469304	0.005143266329327643	0
VAX1	0.017992764296085734	0.011656737531852642	0
IGBP1	0.017860856531819996	0.001801889082390764	0
C15orf23	0.01683118462086178	0.0030392431249253228	0
FOXL1	0.01630694194866026	0.005656581701600376	0
LIN28B	0.014958400018452708	0.004036566685778355	0
IGFBP4	0.013851125348671545	0.00516968495922309	0
TRERF1	0.013828513643425045	0.0046718431663011675	0
BBS1	0.013731018009856395	0.007324550690017702	0
UQCRHL	0.013637573748204188	0.0034464844357648913	0
CPEB3	0.013547937141493414	0.0035373465242393605	0
GHDC	0.013533691258169295	0.0042624263641422265	0
C14orf115	0.011547181252508833	0.0016581398305854647	0
CPEB4	0.011519913304718469	0.004720692748375074	0
CHST2	0.011166563134459411	0.004304584015406964	0
IFT140	0.010602412607692072	0.003381798256140713	0
S1PR2	0.00991858960927239	0.004559773122379463	0
SLC46A1	0.009827756320965313	0.0015078897247708413	0
PNP	0.008781596022298707	0.004848963503627765	0
MDP1	0.008336768645147142	0.002872193820039448	0
PHOSPHO2	0.007850809786457288	0.0032208852153123475	0
NUP93	0.007447208383722692	0.002629776124228902	0
KIAA0020	0.0068628879376162214	0.0015855890717165917	0
XPC	0.006511369873582156	0.002019106490509831	0
FAM134C	0.006504397380776759	0.002384163175175529	0
TTC7A	0.006133164603026225	0.001679873007779573	0
TCP1	0.005810956072732789	0.001105029129936756	0
LEO1	0.005672139439465963	0.003786084281060413	0
RHEB	0.005626058821339714	0.0034216883337597165	0
AAGAB	0.00559992559118129	0.0006939673395720676	0
IFT88	0.00490725454907061	0.002353054191166555	0
FBXL17	0.0047461370867616206	0.0010287841198534432	0
XPNPEP1	0.0037844789693385087	0.0014488051183263397	0
